address,detail_url,neighborhood
"1111 Richland Rd, New Orleans, LA 70114",https://www.zillow.com/homedetails/1111-Richland-Rd-New-Orleans-LA-70114/73826301_zpid/,u-s-naval-base
"1300 Richland Rd, New Orleans, LA 70114",https://www.zillow.com/homedetails/1300-Richland-Rd-New-Orleans-LA-70114/149055821_zpid/,u-s-naval-base
"3139 Lamarque St, New Orleans, LA 70114",https://www.zillow.com/homedetails/3139-Lamarque-St-New-Orleans-LA-70114/149054064_zpid/,u-s-naval-base
"1329 Michael St, New Orleans, LA 70114",https://www.zillow.com/homedetails/1329-Michael-St-New-Orleans-LA-70114/73826048_zpid/,u-s-naval-base
"3626 De Armas St, New Orleans, LA 70114",https://www.zillow.com/homedetails/3626-De-Armas-St-New-Orleans-LA-70114/73825807_zpid/,u-s-naval-base
"1726 Gen Collins Ave, New Orleans, LA 70114",https://www.zillow.com/homedetails/1726-Gen-Collins-Ave-New-Orleans-LA-70114/149055919_zpid/,u-s-naval-base
"708 Sumner St, New Orleans, LA 70114",https://www.zillow.com/homedetails/708-Sumner-St-New-Orleans-LA-70114/149051410_zpid/,u-s-naval-base
"3205 Luna St, New Orleans, LA 70114",https://www.zillow.com/homedetails/3205-Luna-St-New-Orleans-LA-70114/73826250_zpid/,u-s-naval-base
"729 Behrman Ave, New Orleans, LA 70114",https://www.zillow.com/homedetails/729-Behrman-Ave-New-Orleans-LA-70114/149053106_zpid/,u-s-naval-base
"1224 Saint Charles Ave Apt 214, New Orleans, LA 70130",https://www.zillow.com/homedetails/1224-Saint-Charles-Ave-APT-214-New-Orleans-LA-70130/148958936_zpid/,algiers-point
"1410 Jackson Ave, New Orleans, LA 70130",https://www.zillow.com/homedetails/1410-Jackson-Ave-New-Orleans-LA-70130/73821270_zpid/,algiers-point
"1410 Euterpe St #1410, New Orleans, LA 70130",https://www.zillow.com/homedetails/1410-Euterpe-St-1410-New-Orleans-LA-70130/2109065770_zpid/,algiers-point
"1507 N Miro St, New Orleans, LA 70119",https://www.zillow.com/homedetails/1507-N-Miro-St-New-Orleans-LA-70119/73782281_zpid/,algiers-point
"929 Bienville St, New Orleans, LA 70112",https://www.zillow.com/homedetails/929-Bienville-St-New-Orleans-LA-70112/2061290567_zpid/,algiers-point
"1231 Deslonde St, New Orleans, LA 70117",https://www.zillow.com/homedetails/1231-Deslonde-St-New-Orleans-LA-70117/126374223_zpid/,algiers-point
"1329 7th St, New Orleans, LA 70115",https://www.zillow.com/homedetails/1329-7th-St-New-Orleans-LA-70115/73820852_zpid/,algiers-point
"1013 Race St, New Orleans, LA 70130",https://www.zillow.com/homedetails/1013-Race-St-New-Orleans-LA-70130/84439357_zpid/,algiers-point
"3211 Prytania St Apt 5, New Orleans, LA 70115",https://www.zillow.com/homedetails/3211-Prytania-St-APT-5-New-Orleans-LA-70115/149046249_zpid/,algiers-point
"1005-07 Atlantic Ave, New Orleans, LA 70114",https://www.zillow.com/homedetails/1005-07-Atlantic-Ave-New-Orleans-LA-70114/2058855216_zpid/,whitney
"237 Leboeuf St, New Orleans, LA 70114",https://www.zillow.com/homedetails/237-Leboeuf-St-New-Orleans-LA-70114/73828528_zpid/,whitney
"1309 L B Landry Ave, New Orleans, LA 70114",https://www.zillow.com/homedetails/1309-L-B-Landry-Ave-New-Orleans-LA-70114/2060165396_zpid/,whitney
"524 Atlantic Ave, New Orleans, LA 70114",https://www.zillow.com/homedetails/524-Atlantic-Ave-New-Orleans-LA-70114/2057662772_zpid/,whitney
"537 Thayer St, New Orleans, LA 70114",https://www.zillow.com/homedetails/537-Thayer-St-New-Orleans-LA-70114/2060739674_zpid/,whitney
"540 Atlantic Ave, New Orleans, LA 70114",https://www.zillow.com/homedetails/540-Atlantic-Ave-New-Orleans-LA-70114/2053762695_zpid/,whitney
"1221 Patterson St, New Orleans, LA 70114",https://www.zillow.com/homedetails/1221-Patterson-St-New-Orleans-LA-70114/252075103_zpid/,whitney
"544 Atlantic Ave, New Orleans, LA 70114",https://www.zillow.com/homedetails/544-Atlantic-Ave-New-Orleans-LA-70114/2053762732_zpid/,whitney
"703 Leboeuf St, New Orleans, LA 70114",https://www.zillow.com/homedetails/703-Leboeuf-St-New-Orleans-LA-70114/73823139_zpid/,whitney
"1711 Palmer Ave, New Orleans, LA 70118",https://www.zillow.com/homedetails/1711-Palmer-Ave-New-Orleans-LA-70118/73841590_zpid/,audubon
"70 Audubon Blvd, New Orleans, LA 70118",https://www.zillow.com/homedetails/70-Audubon-Blvd-New-Orleans-LA-70118/73841281_zpid/,audubon
"915 Nashville Ave, New Orleans, LA 70115",https://www.zillow.com/homedetails/915-Nashville-Ave-New-Orleans-LA-70115/73839224_zpid/,audubon
"5800 Saint Charles Ave, New Orleans, LA 70115",https://www.zillow.com/homedetails/5800-Saint-Charles-Ave-New-Orleans-LA-70115/73839286_zpid/,audubon
"5931 Saint Charles Ave, New Orleans, LA 70115",https://www.zillow.com/homedetails/5931-Saint-Charles-Ave-New-Orleans-LA-70115/73839336_zpid/,audubon
"1631 Octavia St, New Orleans, LA 70115",https://www.zillow.com/homedetails/1631-Octavia-St-New-Orleans-LA-70115/73843837_zpid/,audubon
"5705 Saint Charles Ave, New Orleans, LA 70115",https://www.zillow.com/homedetails/5705-Saint-Charles-Ave-New-Orleans-LA-70115/73839947_zpid/,audubon
"1640 Palmer Ave, New Orleans, LA 70118",https://www.zillow.com/homedetails/1640-Palmer-Ave-New-Orleans-LA-70118/73841086_zpid/,audubon
"1725 Nashville Ave, New Orleans, LA 70115",https://www.zillow.com/homedetails/1725-Nashville-Ave-New-Orleans-LA-70115/73839950_zpid/,audubon
"3710 Rue Denise, New Orleans, LA 70131",https://www.zillow.com/homedetails/3710-Rue-Denise-New-Orleans-LA-70131/73833897_zpid/,old-aurora
"5821 Durbridge Dr, New Orleans, LA 70131",https://www.zillow.com/homedetails/5821-Durbridge-Dr-New-Orleans-LA-70131/73833673_zpid/,old-aurora
"2433 Bedford Dr, New Orleans, LA 70131",https://www.zillow.com/homedetails/2433-Bedford-Dr-New-Orleans-LA-70131/73838761_zpid/,old-aurora
"3100 Rue Parc Fontaine Apt 2201, New Orleans, LA 70131",https://www.zillow.com/homedetails/3100-Rue-Parc-Fontaine-APT-2201-New-Orleans-LA-70131/2068780841_zpid/,old-aurora
"101 Berkley Dr, New Orleans, LA 70131",https://www.zillow.com/homedetails/101-Berkley-Dr-New-Orleans-LA-70131/73832148_zpid/,old-aurora
"1509 Steeple Chase Ln, New Orleans, LA 70131",https://www.zillow.com/homedetails/1509-Steeple-Chase-Ln-New-Orleans-LA-70131/84473529_zpid/,old-aurora
"1550 De Battista Pl, New Orleans, LA 70131",https://www.zillow.com/homedetails/1550-De-Battista-Pl-New-Orleans-LA-70131/73831425_zpid/,old-aurora
"25 Admiralty Ct, New Orleans, LA 70131",https://www.zillow.com/homedetails/25-Admiralty-Ct-New-Orleans-LA-70131/149057720_zpid/,old-aurora
"3540 Rue Mignon, New Orleans, LA 70131",https://www.zillow.com/homedetails/3540-Rue-Mignon-New-Orleans-LA-70131/73829416_zpid/,old-aurora
"4513-15 Thalia St, New Orleans, LA 70125",https://www.zillow.com/homedetails/4513-15-Thalia-St-New-Orleans-LA-70125/2065976621_zpid/,b-w-cooper
"515 N Lopez St, New Orleans, LA 70119",https://www.zillow.com/homedetails/515-N-Lopez-St-New-Orleans-LA-70119/148972031_zpid/,bayou-st-john
"2546-48 Saint Ann St, New Orleans, LA 70119",https://www.zillow.com/homedetails/2546-48-Saint-Ann-St-New-Orleans-LA-70119/2052957300_zpid/,bayou-st-john
"2312 George N Connor Dr, New Orleans, LA 70119",https://www.zillow.com/homedetails/2312-George-N-Connor-Dr-New-Orleans-LA-70119/73782703_zpid/,bayou-st-john
"3042 Saint Philip St, New Orleans, LA 70119",https://www.zillow.com/homedetails/3042-Saint-Philip-St-New-Orleans-LA-70119/73778602_zpid/,bayou-st-john
"3314 Bell St, New Orleans, LA 70119",https://www.zillow.com/homedetails/3314-Bell-St-New-Orleans-LA-70119/73779604_zpid/,bayou-st-john
"3354 Dumaine St, New Orleans, LA 70119",https://www.zillow.com/homedetails/3354-Dumaine-St-New-Orleans-LA-70119/365826135_zpid/,bayou-st-john
"1828-30 Moss St, New Orleans, LA 70119",https://www.zillow.com/homedetails/1828-30-Moss-St-New-Orleans-LA-70119/2054617824_zpid/,bayou-st-john
"2927 Bell St, New Orleans, LA 70119",https://www.zillow.com/homedetails/2927-Bell-St-New-Orleans-LA-70119/73780137_zpid/,bayou-st-john
"1119 N Dupre St, New Orleans, LA 70119",https://www.zillow.com/homedetails/1119-N-Dupre-St-New-Orleans-LA-70119/73786303_zpid/,bayou-st-john
"1115 Numa St, New Orleans, LA 70114",https://www.zillow.com/homedetails/1115-Numa-St-New-Orleans-LA-70114/84472810_zpid/,behrman
"2069 Halsey Ave, New Orleans, LA 70114",https://www.zillow.com/homedetails/2069-Halsey-Ave-New-Orleans-LA-70114/73825726_zpid/,behrman
"1440 Shirley Dr, New Orleans, LA 70114",https://www.zillow.com/homedetails/1440-Shirley-Dr-New-Orleans-LA-70114/73824165_zpid/,behrman
"2065 Halsey Ave, New Orleans, LA 70114",https://www.zillow.com/homedetails/2065-Halsey-Ave-New-Orleans-LA-70114/84473412_zpid/,behrman
"2020 Farragut St, New Orleans, LA 70114",https://www.zillow.com/homedetails/2020-Farragut-St-New-Orleans-LA-70114/149053594_zpid/,behrman
"1231-33 Flanders St, New Orleans, LA 70114",https://www.zillow.com/homedetails/1231-33-Flanders-St-New-Orleans-LA-70114/366834448_zpid/,behrman
"3542 Vespasian Blvd Apt 109, New Orleans, LA 70114",https://www.zillow.com/homedetails/3542-Vespasian-Blvd-APT-109-New-Orleans-LA-70114/2070250551_zpid/,behrman
"5885 Mac Arthur Blvd, New Orleans, LA 70131",https://www.zillow.com/homedetails/5885-Mac-Arthur-Blvd-New-Orleans-LA-70131/73828991_zpid/,behrman
"2317-19 Kraft Pl, New Orleans, LA 70114",https://www.zillow.com/homedetails/2317-19-Kraft-Pl-New-Orleans-LA-70114/2065974728_zpid/,behrman
"7463 Dominican St, New Orleans, LA 70118",https://www.zillow.com/homedetails/7463-Dominican-St-New-Orleans-LA-70118/73843181_zpid/,black-pearl
"248 Cherokee St Apt 29, New Orleans, LA 70118",https://www.zillow.com/homedetails/248-Cherokee-St-APT-29-New-Orleans-LA-70118/149082779_zpid/,black-pearl
"156 Millaudon St, New Orleans, LA 70118",https://www.zillow.com/homedetails/156-Millaudon-St-New-Orleans-LA-70118/84480645_zpid/,black-pearl
"248 Cherokee St Apt 25, New Orleans, LA 70118",https://www.zillow.com/homedetails/248-Cherokee-St-APT-25-New-Orleans-LA-70118/2100997581_zpid/,black-pearl
"8000 Saint Charles Ave #c, New Orleans, LA 70118",https://www.zillow.com/homedetails/8000-Saint-Charles-Ave-C-New-Orleans-LA-70118/2067974076_zpid/,black-pearl
"7444 Saint Charles Ave Apt 310, New Orleans, LA 70118",https://www.zillow.com/homedetails/7444-Saint-Charles-Ave-APT-310-New-Orleans-LA-70118/149083102_zpid/,black-pearl
"400-02 Millaudon St, New Orleans, LA 70118",https://www.zillow.com/homedetails/400-02-Millaudon-St-New-Orleans-LA-70118/2061499247_zpid/,black-pearl
"7444 Saint Charles Ave Apt 205, New Orleans, LA 70118",https://www.zillow.com/homedetails/7444-Saint-Charles-Ave-APT-205-New-Orleans-LA-70118/149083088_zpid/,black-pearl
"7608 Saint Charles Ave Apt A, New Orleans, LA 70118",https://www.zillow.com/homedetails/7608-Saint-Charles-Ave-APT-A-New-Orleans-LA-70118/114013107_zpid/,black-pearl
"2700-02 S Galvez St, New Orleans, LA 70125",https://www.zillow.com/homedetails/2700-02-S-Galvez-St-New-Orleans-LA-70125/402142033_zpid/,broadmoor
"4420 S Prieur St, New Orleans, LA 70125",https://www.zillow.com/homedetails/4420-S-Prieur-St-New-Orleans-LA-70125/73836797_zpid/,broadmoor
"3316-18 Delachaise St, New Orleans, LA 70125",https://www.zillow.com/homedetails/3316-18-Delachaise-St-New-Orleans-LA-70125/390861039_zpid/,broadmoor
"3219-21 Louisiana Ave, New Orleans, LA 70125",https://www.zillow.com/homedetails/3219-21-Louisiana-Ave-New-Orleans-LA-70125/2065963412_zpid/,broadmoor
"3922 Delachaise St, New Orleans, LA 70125",https://www.zillow.com/homedetails/3922-Delachaise-St-New-Orleans-LA-70125/149076698_zpid/,broadmoor
"4200 Walmsley Ave, New Orleans, LA 70125",https://www.zillow.com/homedetails/4200-Walmsley-Ave-New-Orleans-LA-70125/73838163_zpid/,broadmoor
"3700 Octavia St, New Orleans, LA 70125",https://www.zillow.com/homedetails/3700-Octavia-St-New-Orleans-LA-70125/73843315_zpid/,broadmoor
"3231 Milan St, New Orleans, LA 70125",https://www.zillow.com/homedetails/3231-Milan-St-New-Orleans-LA-70125/73837071_zpid/,broadmoor
"2401-03 S Johnson St, New Orleans, LA 70125",https://www.zillow.com/homedetails/2401-03-S-Johnson-St-New-Orleans-LA-70125/2052924783_zpid/,broadmoor
"26 Versailles Blvd, New Orleans, LA 70125",https://www.zillow.com/homedetails/26-Versailles-Blvd-New-Orleans-LA-70125/73841310_zpid/,marlyville-fontainebleau
"7217-19 Pritchard Pl, New Orleans, LA 70125",https://www.zillow.com/homedetails/7217-19-Pritchard-Pl-New-Orleans-LA-70125/2065971476_zpid/,marlyville-fontainebleau
"4150 State Street Dr, New Orleans, LA 70125",https://www.zillow.com/homedetails/4150-State-Street-Dr-New-Orleans-LA-70125/73839038_zpid/,marlyville-fontainebleau
"2908 Audubon St, New Orleans, LA 70125",https://www.zillow.com/homedetails/2908-Audubon-St-New-Orleans-LA-70125/84479698_zpid/,marlyville-fontainebleau
"25 Versailles Blvd, New Orleans, LA 70125",https://www.zillow.com/homedetails/25-Versailles-Blvd-New-Orleans-LA-70125/73840544_zpid/,marlyville-fontainebleau
"6216-18 Fontainebleau Dr, New Orleans, LA 70125",https://www.zillow.com/homedetails/6216-18-Fontainebleau-Dr-New-Orleans-LA-70125/2065944787_zpid/,marlyville-fontainebleau
"2313 Burdette St, New Orleans, LA 70118",https://www.zillow.com/homedetails/2313-Burdette-St-New-Orleans-LA-70118/73845502_zpid/,marlyville-fontainebleau
"6215-17 York St, New Orleans, LA 70125",https://www.zillow.com/homedetails/6215-17-York-St-New-Orleans-LA-70125/2065978613_zpid/,marlyville-fontainebleau
"5417 S Tonti St, New Orleans, LA 70125",https://www.zillow.com/homedetails/5417-S-Tonti-St-New-Orleans-LA-70125/84477462_zpid/,marlyville-fontainebleau
"1401-03 S Dupre St, New Orleans, LA 70125",https://www.zillow.com/homedetails/1401-03-S-Dupre-St-New-Orleans-LA-70125/353423071_zpid/,gert-town
"1015 S Telemachus St, New Orleans, LA 70125",https://www.zillow.com/homedetails/1015-S-Telemachus-St-New-Orleans-LA-70125/73773626_zpid/,gert-town
"3311 Fern St, New Orleans, LA 70125",https://www.zillow.com/homedetails/3311-Fern-St-New-Orleans-LA-70125/73847803_zpid/,gert-town
"1117-19 S Dupre St, New Orleans, LA 70125",https://www.zillow.com/homedetails/1117-19-S-Dupre-St-New-Orleans-LA-70125/352354241_zpid/,gert-town
"3219 Dante St, New Orleans, LA 70118",https://www.zillow.com/homedetails/3219-Dante-St-New-Orleans-LA-70118/73850053_zpid/,gert-town
"4827 Washington Ave, New Orleans, LA 70125",https://www.zillow.com/homedetails/4827-Washington-Ave-New-Orleans-LA-70125/73773623_zpid/,gert-town
"7929-35 Olive St, New Orleans, LA 70125",https://www.zillow.com/homedetails/7929-35-Olive-St-New-Orleans-LA-70125/2065973766_zpid/,gert-town
"4228 Erato St, New Orleans, LA 70125",https://www.zillow.com/homedetails/4228-Erato-St-New-Orleans-LA-70125/84440755_zpid/,gert-town
"4100 Thalia St, New Orleans, LA 70125",https://www.zillow.com/homedetails/4100-Thalia-St-New-Orleans-LA-70125/2126666597_zpid/,gert-town
"2906 Palmyra St, New Orleans, LA 70119",https://www.zillow.com/homedetails/2906-Palmyra-St-New-Orleans-LA-70119/73773689_zpid/,mid-city
"2225-2227 Iberville St, New Orleans, LA 70119",https://www.zillow.com/homedetails/2225-2227-Iberville-St-New-Orleans-LA-70119/346986310_zpid/,mid-city
"3840-3842 Orleans, New Orleans, LA 70119",https://www.zillow.com/homedetails/3840-3842-Orleans-New-Orleans-LA-70119/2083502731_zpid/,mid-city
"212 David St, New Orleans, LA 70119",https://www.zillow.com/homedetails/212-David-St-New-Orleans-LA-70119/73774844_zpid/,mid-city
"200 N Norman C Francis Pkwy, New Orleans, LA 70119",https://www.zillow.com/homedetails/200-N-Norman-C-Francis-Pkwy-New-Orleans-LA-70119/2057700716_zpid/,mid-city
"3805-07 Ulloa St, New Orleans, LA 70119",https://www.zillow.com/homedetails/3805-07-Ulloa-St-New-Orleans-LA-70119/2059787415_zpid/,mid-city
"4701 Iberville St, New Orleans, LA 70119",https://www.zillow.com/homedetails/4701-Iberville-St-New-Orleans-LA-70119/73774703_zpid/,mid-city
"2755 Palmyra St, New Orleans, LA 70119",https://www.zillow.com/homedetails/2755-Palmyra-St-New-Orleans-LA-70119/73773873_zpid/,mid-city
"516-18 S Hennessey St, New Orleans, LA 70119",https://www.zillow.com/homedetails/516-18-S-Hennessey-St-New-Orleans-LA-70119/2078819166_zpid/,mid-city
"1844 Pauline St, New Orleans, LA 70117",https://www.zillow.com/homedetails/1844-Pauline-St-New-Orleans-LA-70117/73802887_zpid/,st-claude
"2662-64 N Galvez St, New Orleans, LA 70117",https://www.zillow.com/homedetails/2662-64-N-Galvez-St-New-Orleans-LA-70117/2062741373_zpid/,st-claude
"1735 Feliciana St, New Orleans, LA 70117",https://www.zillow.com/homedetails/1735-Feliciana-St-New-Orleans-LA-70117/73810446_zpid/,st-claude
"3140 N Robertson St, New Orleans, LA 70117",https://www.zillow.com/homedetails/3140-N-Robertson-St-New-Orleans-LA-70117/73800202_zpid/,st-claude
"1235 Alvar St, New Orleans, LA 70117",https://www.zillow.com/homedetails/1235-Alvar-St-New-Orleans-LA-70117/149020326_zpid/,st-claude
"1428-30 Pauline St, New Orleans, LA 70117",https://www.zillow.com/homedetails/1428-30-Pauline-St-New-Orleans-LA-70117/2065951565_zpid/,st-claude
"3129-31 N Claiborne Ave, New Orleans, LA 70117",https://www.zillow.com/homedetails/3129-31-N-Claiborne-Ave-New-Orleans-LA-70117/2065976377_zpid/,st-claude
"2538-40 Congress St, New Orleans, LA 70117",https://www.zillow.com/homedetails/2538-40-Congress-St-New-Orleans-LA-70117/2056461176_zpid/,st-claude
"1405-07 Bartholomew St, New Orleans, LA 70117",https://www.zillow.com/homedetails/1405-07-Bartholomew-St-New-Orleans-LA-70117/402600173_zpid/,st-claude
"2 Canal St #3002, New Orleans, LA 70130",https://www.zillow.com/homedetails/2-Canal-St-3002-New-Orleans-LA-70130/2055200782_zpid/,central-business-district
"700 Commerce St Apt 308, New Orleans, LA 70130",https://www.zillow.com/homedetails/700-Commerce-St-APT-308-New-Orleans-LA-70130/84441034_zpid/,central-business-district
"700 Commerce St Apt 307, New Orleans, LA 70130",https://www.zillow.com/homedetails/700-Commerce-St-APT-307-New-Orleans-LA-70130/84441033_zpid/,central-business-district
"1201 Canal St Apt 354, New Orleans, LA 70112",https://www.zillow.com/homedetails/1201-Canal-St-APT-354-New-Orleans-LA-70112/110378059_zpid/,central-business-district
"401 Tchoupitoulas St #c1, New Orleans, LA 70130",https://www.zillow.com/homedetails/401-Tchoupitoulas-St-C1-New-Orleans-LA-70130/350263275_zpid/,central-business-district
"700 Commerce St Apt 212, New Orleans, LA 70130",https://www.zillow.com/homedetails/700-Commerce-St-APT-212-New-Orleans-LA-70130/148958532_zpid/,central-business-district
"731 Saint Charles Ave Unit 304, New Orleans, LA 70130",https://www.zillow.com/homedetails/731-Saint-Charles-Ave-UNIT-304-New-Orleans-LA-70130/352016692_zpid/,central-business-district
"2 Canal St #2308, New Orleans, LA 70130",https://www.zillow.com/homedetails/2-Canal-St-2308-New-Orleans-LA-70130/347848445_zpid/,central-business-district
"201 S Villere St, New Orleans, LA 70112",https://www.zillow.com/homedetails/201-S-Villere-St-New-Orleans-LA-70112/247553168_zpid/,central-business-district
"929 Bienville St, New Orleans, LA 70112",https://www.zillow.com/homedetails/929-Bienville-St-New-Orleans-LA-70112/2061290567_zpid/,french-quarter
"620 Decatur St Apt P, New Orleans, LA 70130",https://www.zillow.com/homedetails/620-Decatur-St-APT-P-New-Orleans-LA-70130/126451995_zpid/,french-quarter
"930 Chartres St, New Orleans, LA 70116",https://www.zillow.com/homedetails/930-Chartres-St-New-Orleans-LA-70116/342017902_zpid/,french-quarter
"1020 Esplanade Ave Apt 213, New Orleans, LA 70116",https://www.zillow.com/homedetails/1020-Esplanade-Ave-APT-213-New-Orleans-LA-70116/148975061_zpid/,french-quarter
"1921 Gov Nicholls St, New Orleans, LA 70116",https://www.zillow.com/homedetails/1921-Gov-Nicholls-St-New-Orleans-LA-70116/84447965_zpid/,french-quarter
"920 Saint Louis St Apt 4, New Orleans, LA 70112",https://www.zillow.com/homedetails/920-Saint-Louis-St-APT-4-New-Orleans-LA-70112/110378029_zpid/,french-quarter
"1125 Royal St Apt 3, New Orleans, LA 70116",https://www.zillow.com/homedetails/1125-Royal-St-APT-3-New-Orleans-LA-70116/73780143_zpid/,french-quarter
"539 Toulouse St Apt D, New Orleans, LA 70130",https://www.zillow.com/homedetails/539-Toulouse-St-APT-D-New-Orleans-LA-70130/148969933_zpid/,french-quarter
"716 Dumaine St, New Orleans, LA 70116",https://www.zillow.com/homedetails/716-Dumaine-St-New-Orleans-LA-70116/73777610_zpid/,french-quarter
"1224 Saint Charles Ave Apt 214, New Orleans, LA 70130",https://www.zillow.com/homedetails/1224-Saint-Charles-Ave-APT-214-New-Orleans-LA-70130/148958936_zpid/,central-city
"1720 Philip St, New Orleans, LA 70113",https://www.zillow.com/homedetails/1720-Philip-St-New-Orleans-LA-70113/73821693_zpid/,central-city
"2102 Josephine St, New Orleans, LA 70113",https://www.zillow.com/homedetails/2102-Josephine-St-New-Orleans-LA-70113/149047521_zpid/,central-city
"2113-15 S Liberty St, New Orleans, LA 70113",https://www.zillow.com/homedetails/2113-15-S-Liberty-St-New-Orleans-LA-70113/2065971882_zpid/,central-city
"2823 2nd St, New Orleans, LA 70113",https://www.zillow.com/homedetails/2823-2nd-St-New-Orleans-LA-70113/247553694_zpid/,central-city
"1404 Prytania St #f2, New Orleans, LA 70130",https://www.zillow.com/homedetails/1404-Prytania-St-F2-New-Orleans-LA-70130/84439423_zpid/,central-city
"1525 Clio St Apt 5, New Orleans, LA 70130",https://www.zillow.com/homedetails/1525-Clio-St-APT-5-New-Orleans-LA-70130/84440316_zpid/,central-city
"2320 2nd St, New Orleans, LA 70113",https://www.zillow.com/homedetails/2320-2nd-St-New-Orleans-LA-70113/73821867_zpid/,central-city
"2608 Magnolia St, New Orleans, LA 70113",https://www.zillow.com/homedetails/2608-Magnolia-St-New-Orleans-LA-70113/114010815_zpid/,central-city
"4601 Murano Rd, New Orleans, LA 70129",https://www.zillow.com/homedetails/4601-Murano-Rd-New-Orleans-LA-70129/149039361_zpid/,lake-catherine
"3262 Ridgeway Blvd, New Orleans, LA 70129",https://www.zillow.com/homedetails/3262-Ridgeway-Blvd-New-Orleans-LA-70129/149037664_zpid/,lake-catherine
"3030 Ridgeway Blvd, New Orleans, LA 70129",https://www.zillow.com/homedetails/3030-Ridgeway-Blvd-New-Orleans-LA-70129/149037687_zpid/,lake-catherine
"54 Lake Breeze Dr #54, New Orleans, LA 70129",https://www.zillow.com/homedetails/54-Lake-Breeze-Dr-54-New-Orleans-LA-70129/2055664222_zpid/,lake-catherine
"20637 Old Spanish Trl, New Orleans, LA 70129",https://www.zillow.com/homedetails/20637-Old-Spanish-Trl-New-Orleans-LA-70129/73817872_zpid/,lake-catherine
"30 Clinton Dr, New Orleans, LA 70129",https://www.zillow.com/homedetails/30-Clinton-Dr-New-Orleans-LA-70129/73814769_zpid/,lake-catherine
"20159 Old Spanish Trl, New Orleans, LA 70129",https://www.zillow.com/homedetails/20159-Old-Spanish-Trl-New-Orleans-LA-70129/73819606_zpid/,lake-catherine
"20713 Old Spanish Trl, New Orleans, LA 70129",https://www.zillow.com/homedetails/20713-Old-Spanish-Trl-New-Orleans-LA-70129/2082171736_zpid/,lake-catherine
"3274 Ridgeway Blvd, New Orleans, LA 70129",https://www.zillow.com/homedetails/3274-Ridgeway-Blvd-New-Orleans-LA-70129/124050969_zpid/,lake-catherine
"7600 Adventure Ave, New Orleans, LA 70129",https://www.zillow.com/homedetails/7600-Adventure-Ave-New-Orleans-LA-70129/73818766_zpid/,village-de-lest
"5500 Grand Bayou Dr, New Orleans, LA 70129",https://www.zillow.com/homedetails/5500-Grand-Bayou-Dr-New-Orleans-LA-70129/73818580_zpid/,village-de-lest
"13237 Willowbrook Dr, New Orleans, LA 70129",https://www.zillow.com/homedetails/13237-Willowbrook-Dr-New-Orleans-LA-70129/149041532_zpid/,village-de-lest
"7539 Expedition Dr, New Orleans, LA 70129",https://www.zillow.com/homedetails/7539-Expedition-Dr-New-Orleans-LA-70129/73819175_zpid/,village-de-lest
"4827 Michoud Blvd, New Orleans, LA 70129",https://www.zillow.com/homedetails/4827-Michoud-Blvd-New-Orleans-LA-70129/84467881_zpid/,village-de-lest
"13662 Explorers St, New Orleans, LA 70129",https://www.zillow.com/homedetails/13662-Explorers-St-New-Orleans-LA-70129/349470399_zpid/,village-de-lest
"5126-28 Revel St, New Orleans, LA 70129",https://www.zillow.com/homedetails/5126-28-Revel-St-New-Orleans-LA-70129/2065949920_zpid/,village-de-lest
"5610 New England Dr, New Orleans, LA 70129",https://www.zillow.com/homedetails/5610-New-England-Dr-New-Orleans-LA-70129/73819657_zpid/,village-de-lest
"7761 W Cavelier Dr, New Orleans, LA 70129",https://www.zillow.com/homedetails/7761-W-Cavelier-Dr-New-Orleans-LA-70129/73824909_zpid/,village-de-lest
"8311 Almonaster Ave, New Orleans, LA 70126",https://www.zillow.com/homedetails/8311-Almonaster-Ave-New-Orleans-LA-70126/149031042_zpid/,viavant-venetian-isles
"57002 Chef Menteur Hwy, New Orleans, LA 70129",https://www.zillow.com/homedetails/57002-Chef-Menteur-Hwy-New-Orleans-LA-70129/2053187935_zpid/,viavant-venetian-isles
"39017 Beauregard Ave, New Orleans, LA 70127",https://www.zillow.com/homedetails/39017-Beauregard-Ave-New-Orleans-LA-70127/245743449_zpid/,viavant-venetian-isles
"53492 Central Rd, New Orleans, LA 70127",https://www.zillow.com/homedetails/53492-Central-Rd-New-Orleans-LA-70127/350516827_zpid/,viavant-venetian-isles
"53502 Central Rd, New Orleans, LA 70127",https://www.zillow.com/homedetails/53502-Central-Rd-New-Orleans-LA-70127/350516722_zpid/,viavant-venetian-isles
"4136 Darby St, New Orleans, LA 70127",https://www.zillow.com/homedetails/4136-Darby-St-New-Orleans-LA-70127/149032724_zpid/,viavant-venetian-isles
"1610701 Buchanan St, New Orleans, LA 70122",https://www.zillow.com/homedetails/1610701-Buchanan-St-New-Orleans-LA-70122/245744012_zpid/,viavant-venetian-isles
"53505 Central Rd, New Orleans, LA 70127",https://www.zillow.com/homedetails/53505-Central-Rd-New-Orleans-LA-70127/350516402_zpid/,viavant-venetian-isles
"39018 Beauregard Ave, New Orleans, LA 70127",https://www.zillow.com/homedetails/39018-Beauregard-Ave-New-Orleans-LA-70127/245743450_zpid/,viavant-venetian-isles
"9 Bonita Bay Dr, New Orleans, LA 70131",https://www.zillow.com/homedetails/9-Bonita-Bay-Dr-New-Orleans-LA-70131/114012620_zpid/,new-aurora-english-turn
"2941 Kent Dr, New Orleans, LA 70131",https://www.zillow.com/homedetails/2941-Kent-Dr-New-Orleans-LA-70131/73830265_zpid/,new-aurora-english-turn
"603 English Turn Dr, New Orleans, LA 70131",https://www.zillow.com/homedetails/603-English-Turn-Dr-New-Orleans-LA-70131/73832232_zpid/,new-aurora-english-turn
"12 Island Club Dr, New Orleans, LA 70131",https://www.zillow.com/homedetails/12-Island-Club-Dr-New-Orleans-LA-70131/149065550_zpid/,new-aurora-english-turn
"174 English Turn Dr, New Orleans, LA 70131",https://www.zillow.com/homedetails/174-English-Turn-Dr-New-Orleans-LA-70131/73831369_zpid/,new-aurora-english-turn
"7 English Turn Dr, New Orleans, LA 70131",https://www.zillow.com/homedetails/7-English-Turn-Dr-New-Orleans-LA-70131/73831223_zpid/,new-aurora-english-turn
"3200 Lancaster St, New Orleans, LA 70131",https://www.zillow.com/homedetails/3200-Lancaster-St-New-Orleans-LA-70131/73826806_zpid/,new-aurora-english-turn
"2 English Turn Dr, New Orleans, LA 70131",https://www.zillow.com/homedetails/2-English-Turn-Dr-New-Orleans-LA-70131/149058308_zpid/,new-aurora-english-turn
"738 English Turn Ln, New Orleans, LA 70131",https://www.zillow.com/homedetails/738-English-Turn-Ln-New-Orleans-LA-70131/73839547_zpid/,new-aurora-english-turn
"3767 Red Oak Ct, New Orleans, LA 70131",https://www.zillow.com/homedetails/3767-Red-Oak-Ct-New-Orleans-LA-70131/73834954_zpid/,tall-timbers-brechtel
"60 Yosemite Dr, New Orleans, LA 70131",https://www.zillow.com/homedetails/60-Yosemite-Dr-New-Orleans-LA-70131/73830598_zpid/,tall-timbers-brechtel
"3616 Inwood Ave, New Orleans, LA 70131",https://www.zillow.com/homedetails/3616-Inwood-Ave-New-Orleans-LA-70131/73834037_zpid/,tall-timbers-brechtel
"4000 S Post Oak Ave, New Orleans, LA 70131",https://www.zillow.com/homedetails/4000-S-Post-Oak-Ave-New-Orleans-LA-70131/73829728_zpid/,tall-timbers-brechtel
"4931 Lennox Blvd, New Orleans, LA 70131",https://www.zillow.com/homedetails/4931-Lennox-Blvd-New-Orleans-LA-70131/73830651_zpid/,tall-timbers-brechtel
"5249 Timber Haven Ln, New Orleans, LA 70131",https://www.zillow.com/homedetails/5249-Timber-Haven-Ln-New-Orleans-LA-70131/73838914_zpid/,tall-timbers-brechtel
"3800 S Pin Oak Ave, New Orleans, LA 70131",https://www.zillow.com/homedetails/3800-S-Pin-Oak-Ave-New-Orleans-LA-70131/73830061_zpid/,tall-timbers-brechtel
"27 Park Timbers Dr, New Orleans, LA 70131",https://www.zillow.com/homedetails/27-Park-Timbers-Dr-New-Orleans-LA-70131/73830391_zpid/,tall-timbers-brechtel
"3731 Red Cypress Dr, New Orleans, LA 70131",https://www.zillow.com/homedetails/3731-Red-Cypress-Dr-New-Orleans-LA-70131/73830617_zpid/,tall-timbers-brechtel
"1104-06 Leboeuf St, New Orleans, LA 70114",https://www.zillow.com/homedetails/1104-06-Leboeuf-St-New-Orleans-LA-70114/2076880864_zpid/,fischer-dev
"1704 Wagner St, New Orleans, LA 70114",https://www.zillow.com/homedetails/1704-Wagner-St-New-Orleans-LA-70114/84472773_zpid/,fischer-dev
"1326 Elmira Ave, New Orleans, LA 70114",https://www.zillow.com/homedetails/1326-Elmira-Ave-New-Orleans-LA-70114/73823885_zpid/,mcdonogh
"1019 Opelousas Ave, New Orleans, LA 70114",https://www.zillow.com/homedetails/1019-Opelousas-Ave-New-Orleans-LA-70114/247553723_zpid/,mcdonogh
"1333 Pacific Ave, New Orleans, LA 70114",https://www.zillow.com/homedetails/1333-Pacific-Ave-New-Orleans-LA-70114/73823674_zpid/,mcdonogh
"706-708 Majestic Pl, New Orleans, LA 70114",https://www.zillow.com/homedetails/706-708-Majestic-Pl-New-Orleans-LA-70114/350929113_zpid/,mcdonogh
"322 Newton St, New Orleans, LA 70114",https://www.zillow.com/homedetails/322-Newton-St-New-Orleans-LA-70114/149051654_zpid/,mcdonogh
"621 Homer St, New Orleans, LA 70114",https://www.zillow.com/homedetails/621-Homer-St-New-Orleans-LA-70114/84472201_zpid/,mcdonogh
"830-32 Elmira Ave, New Orleans, LA 70114",https://www.zillow.com/homedetails/830-32-Elmira-Ave-New-Orleans-LA-70114/2065980688_zpid/,mcdonogh
"1330 Brooklyn St, New Orleans, LA 70114",https://www.zillow.com/homedetails/1330-Brooklyn-St-New-Orleans-LA-70114/149052343_zpid/,mcdonogh
"934 Brooklyn St, New Orleans, LA 70114",https://www.zillow.com/homedetails/934-Brooklyn-St-New-Orleans-LA-70114/149051650_zpid/,mcdonogh
"1410 Euterpe St #1410, New Orleans, LA 70130",https://www.zillow.com/homedetails/1410-Euterpe-St-1410-New-Orleans-LA-70130/2109065770_zpid/,lower-garden-district
"1013 Race St, New Orleans, LA 70130",https://www.zillow.com/homedetails/1013-Race-St-New-Orleans-LA-70130/84439357_zpid/,lower-garden-district
"917 Race St, New Orleans, LA 70130",https://www.zillow.com/homedetails/917-Race-St-New-Orleans-LA-70130/73773121_zpid/,lower-garden-district
"1111 S Peters St Apt 418, New Orleans, LA 70130",https://www.zillow.com/homedetails/1111-S-Peters-St-APT-418-New-Orleans-LA-70130/84439864_zpid/,lower-garden-district
"2125 Laurel St, New Orleans, LA 70130",https://www.zillow.com/homedetails/2125-Laurel-St-New-Orleans-LA-70130/402326201_zpid/,lower-garden-district
"1107 S Peters St Apt 414, New Orleans, LA 70130",https://www.zillow.com/homedetails/1107-S-Peters-St-APT-414-New-Orleans-LA-70130/73779509_zpid/,lower-garden-district
"1446 Saint Mary St #2, New Orleans, LA 70130",https://www.zillow.com/homedetails/1446-Saint-Mary-St-2-New-Orleans-LA-70130/149045766_zpid/,lower-garden-district
"1466 Magazine St, New Orleans, LA 70130",https://www.zillow.com/homedetails/1466-Magazine-St-New-Orleans-LA-70130/114006405_zpid/,lower-garden-district
"1427 Saint Mary St, New Orleans, LA 70130",https://www.zillow.com/homedetails/1427-Saint-Mary-St-New-Orleans-LA-70130/305047510_zpid/,lower-garden-district
"617 Constantinople St, New Orleans, LA 70115",https://www.zillow.com/homedetails/617-Constantinople-St-New-Orleans-LA-70115/73840351_zpid/,east-riverside
"3317 Constance St, New Orleans, LA 70115",https://www.zillow.com/homedetails/3317-Constance-St-New-Orleans-LA-70115/2098300679_zpid/,east-riverside
"3501 Constance St, New Orleans, LA 70115",https://www.zillow.com/homedetails/3501-Constance-St-New-Orleans-LA-70115/2069974408_zpid/,east-riverside
"4124 Laurel St, New Orleans, LA 70115",https://www.zillow.com/homedetails/4124-Laurel-St-New-Orleans-LA-70115/73834735_zpid/,east-riverside
"826 Delachaise St, New Orleans, LA 70115",https://www.zillow.com/homedetails/826-Delachaise-St-New-Orleans-LA-70115/73834649_zpid/,east-riverside
"1016 Amelia St, New Orleans, LA 70115",https://www.zillow.com/homedetails/1016-Amelia-St-New-Orleans-LA-70115/117548506_zpid/,east-riverside
"818 Austerlitz St, New Orleans, LA 70115",https://www.zillow.com/homedetails/818-Austerlitz-St-New-Orleans-LA-70115/84474699_zpid/,east-riverside
"2841-43 Constance St, New Orleans, LA 70115",https://www.zillow.com/homedetails/2841-43-Constance-St-New-Orleans-LA-70115/2065980388_zpid/,east-riverside
"4305 Annunciation St, New Orleans, LA 70115",https://www.zillow.com/homedetails/4305-Annunciation-St-New-Orleans-LA-70115/73834445_zpid/,east-riverside
"919 4th St, New Orleans, LA 70130",https://www.zillow.com/homedetails/919-4th-St-New-Orleans-LA-70130/84469739_zpid/,irish-channel
"2712 Saint Thomas St, New Orleans, LA 70130",https://www.zillow.com/homedetails/2712-Saint-Thomas-St-New-Orleans-LA-70130/149043297_zpid/,irish-channel
"2226 Constance St, New Orleans, LA 70130",https://www.zillow.com/homedetails/2226-Constance-St-New-Orleans-LA-70130/149044366_zpid/,irish-channel
"3200 Chippewa St, New Orleans, LA 70115",https://www.zillow.com/homedetails/3200-Chippewa-St-New-Orleans-LA-70115/73820194_zpid/,irish-channel
"928 9th St, New Orleans, LA 70115",https://www.zillow.com/homedetails/928-9th-St-New-Orleans-LA-70115/84469417_zpid/,irish-channel
"904 7th St, New Orleans, LA 70115",https://www.zillow.com/homedetails/904-7th-St-New-Orleans-LA-70115/73826181_zpid/,irish-channel
"1105-07 3rd St, New Orleans, LA 70130",https://www.zillow.com/homedetails/1105-07-3rd-St-New-Orleans-LA-70130/353462025_zpid/,irish-channel
"2334 Constance St, New Orleans, LA 70130",https://www.zillow.com/homedetails/2334-Constance-St-New-Orleans-LA-70130/73821217_zpid/,irish-channel
"2412 Annunciation St, New Orleans, LA 70130",https://www.zillow.com/homedetails/2412-Annunciation-St-New-Orleans-LA-70130/73820963_zpid/,irish-channel
"1101 Peniston St, New Orleans, LA 70115",https://www.zillow.com/homedetails/1101-Peniston-St-New-Orleans-LA-70115/73835639_zpid/,touro
"3620 Chestnut St, New Orleans, LA 70115",https://www.zillow.com/homedetails/3620-Chestnut-St-New-Orleans-LA-70115/2062394462_zpid/,touro
"4104 Prytania St, New Orleans, LA 70115",https://www.zillow.com/homedetails/4104-Prytania-St-New-Orleans-LA-70115/73834793_zpid/,touro
"1221 Napoleon Ave #1221, New Orleans, LA 70115",https://www.zillow.com/homedetails/1221-Napoleon-Ave-1221-New-Orleans-LA-70115/2071521455_zpid/,touro
"933 Milan St, New Orleans, LA 70115",https://www.zillow.com/homedetails/933-Milan-St-New-Orleans-LA-70115/73840367_zpid/,touro
"803-05 Constantinople St, New Orleans, LA 70115",https://www.zillow.com/homedetails/803-05-Constantinople-St-New-Orleans-LA-70115/352410148_zpid/,touro
"2200-02 Nashville Ave, New Orleans, LA 70115",https://www.zillow.com/homedetails/2200-02-Nashville-Ave-New-Orleans-LA-70115/2069347518_zpid/,touro
"2523-25 Peniston St, New Orleans, LA 70115",https://www.zillow.com/homedetails/2523-25-Peniston-St-New-Orleans-LA-70115/2065970021_zpid/,touro
"1212 Aline St, New Orleans, LA 70115",https://www.zillow.com/homedetails/1212-Aline-St-New-Orleans-LA-70115/84475788_zpid/,touro
"2824 Milan St, New Orleans, LA 70115",https://www.zillow.com/homedetails/2824-Milan-St-New-Orleans-LA-70115/149074408_zpid/,milan
"1636 Constantinople St, New Orleans, LA 70115",https://www.zillow.com/homedetails/1636-Constantinople-St-New-Orleans-LA-70115/73844145_zpid/,milan
"1935 Napoleon Ave, New Orleans, LA 70115",https://www.zillow.com/homedetails/1935-Napoleon-Ave-New-Orleans-LA-70115/344715886_zpid/,milan
"4139 Clara St, New Orleans, LA 70115",https://www.zillow.com/homedetails/4139-Clara-St-New-Orleans-LA-70115/84477040_zpid/,milan
"1833 Milan St, New Orleans, LA 70115",https://www.zillow.com/homedetails/1833-Milan-St-New-Orleans-LA-70115/73837889_zpid/,milan
"4121 Baronne St, New Orleans, LA 70115",https://www.zillow.com/homedetails/4121-Baronne-St-New-Orleans-LA-70115/73837876_zpid/,milan
"2308-10 Marengo St, New Orleans, LA 70115",https://www.zillow.com/homedetails/2308-10-Marengo-St-New-Orleans-LA-70115/2065968058_zpid/,milan
"2312 Amelia St, New Orleans, LA 70115",https://www.zillow.com/homedetails/2312-Amelia-St-New-Orleans-LA-70115/149073080_zpid/,milan
"3313-15 Dryades St, New Orleans, LA 70115",https://www.zillow.com/homedetails/3313-15-Dryades-St-New-Orleans-LA-70115/2054098255_zpid/,milan
"5027 Dryades St, New Orleans, LA 70115",https://www.zillow.com/homedetails/5027-Dryades-St-New-Orleans-LA-70115/2145419403_zpid/,uptown
"1640 Dufossat St Apt C, New Orleans, LA 70115",https://www.zillow.com/homedetails/1640-Dufossat-St-APT-C-New-Orleans-LA-70115/73836382_zpid/,uptown
"4626 Saint Charles Ave, New Orleans, LA 70115",https://www.zillow.com/homedetails/4626-Saint-Charles-Ave-New-Orleans-LA-70115/73835922_zpid/,uptown
"4923 Camp St, New Orleans, LA 70115",https://www.zillow.com/homedetails/4923-Camp-St-New-Orleans-LA-70115/84475711_zpid/,uptown
"2025 Robert St, New Orleans, LA 70115",https://www.zillow.com/homedetails/2025-Robert-St-New-Orleans-LA-70115/73835995_zpid/,uptown
"1311 Jefferson Ave, New Orleans, LA 70115",https://www.zillow.com/homedetails/1311-Jefferson-Ave-New-Orleans-LA-70115/149070334_zpid/,uptown
"1659 Dufossat St, New Orleans, LA 70115",https://www.zillow.com/homedetails/1659-Dufossat-St-New-Orleans-LA-70115/84477088_zpid/,uptown
"4414 Baronne St, New Orleans, LA 70115",https://www.zillow.com/homedetails/4414-Baronne-St-New-Orleans-LA-70115/73836278_zpid/,uptown
"917 Leontine St, New Orleans, LA 70115",https://www.zillow.com/homedetails/917-Leontine-St-New-Orleans-LA-70115/73835133_zpid/,uptown
"5959 Laurel St, New Orleans, LA 70115",https://www.zillow.com/homedetails/5959-Laurel-St-New-Orleans-LA-70115/84478444_zpid/,west-riverside
"4518 Constance St, New Orleans, LA 70115",https://www.zillow.com/homedetails/4518-Constance-St-New-Orleans-LA-70115/120622403_zpid/,west-riverside
"4229-31 Annunciation St, New Orleans, LA 70115",https://www.zillow.com/homedetails/4229-31-Annunciation-St-New-Orleans-LA-70115/350370281_zpid/,west-riverside
"4937 Tchoupitoulas St, New Orleans, LA 70115",https://www.zillow.com/homedetails/4937-Tchoupitoulas-St-New-Orleans-LA-70115/84474967_zpid/,west-riverside
"4716 Annunciation St Apt 3d, New Orleans, LA 70115",https://www.zillow.com/homedetails/4716-Annunciation-St-APT-3D-New-Orleans-LA-70115/73834489_zpid/,west-riverside
"722 Cadiz St, New Orleans, LA 70115",https://www.zillow.com/homedetails/722-Cadiz-St-New-Orleans-LA-70115/73832324_zpid/,west-riverside
"6031 Annunciation St, New Orleans, LA 70118",https://www.zillow.com/homedetails/6031-Annunciation-St-New-Orleans-LA-70118/73838085_zpid/,west-riverside
"5530 Laurel St, New Orleans, LA 70115",https://www.zillow.com/homedetails/5530-Laurel-St-New-Orleans-LA-70115/73834330_zpid/,west-riverside
"612 State St, New Orleans, LA 70118",https://www.zillow.com/homedetails/612-State-St-New-Orleans-LA-70118/84478453_zpid/,west-riverside
"4904 S Robertson St, New Orleans, LA 70115",https://www.zillow.com/homedetails/4904-S-Robertson-St-New-Orleans-LA-70115/84476690_zpid/,freret
"5315 La Salle St, New Orleans, LA 70115",https://www.zillow.com/homedetails/5315-La-Salle-St-New-Orleans-LA-70115/149073361_zpid/,freret
"2326 Robert St, New Orleans, LA 70115",https://www.zillow.com/homedetails/2326-Robert-St-New-Orleans-LA-70115/73837120_zpid/,freret
"2712 Soniat St, New Orleans, LA 70115",https://www.zillow.com/homedetails/2712-Soniat-St-New-Orleans-LA-70115/149074573_zpid/,freret
"2421 Soniat St, New Orleans, LA 70115",https://www.zillow.com/homedetails/2421-Soniat-St-New-Orleans-LA-70115/73842239_zpid/,freret
"2625 Robert St, New Orleans, LA 70115",https://www.zillow.com/homedetails/2625-Robert-St-New-Orleans-LA-70115/149074347_zpid/,freret
"4634 Willow St, New Orleans, LA 70115",https://www.zillow.com/homedetails/4634-Willow-St-New-Orleans-LA-70115/73837501_zpid/,freret
"2808 Upperline St, New Orleans, LA 70115",https://www.zillow.com/homedetails/2808-Upperline-St-New-Orleans-LA-70115/73836396_zpid/,freret
"2410 Valence St #2410, New Orleans, LA 70115",https://www.zillow.com/homedetails/2410-Valence-St-2410-New-Orleans-LA-70115/2085394068_zpid/,freret
"1410 Jackson Ave, New Orleans, LA 70130",https://www.zillow.com/homedetails/1410-Jackson-Ave-New-Orleans-LA-70130/73821270_zpid/,garden-district
"1329 7th St, New Orleans, LA 70115",https://www.zillow.com/homedetails/1329-7th-St-New-Orleans-LA-70115/73820852_zpid/,garden-district
"3211 Prytania St Apt 5, New Orleans, LA 70115",https://www.zillow.com/homedetails/3211-Prytania-St-APT-5-New-Orleans-LA-70115/149046249_zpid/,garden-district
"2300 Prytania St, New Orleans, LA 70130",https://www.zillow.com/homedetails/2300-Prytania-St-New-Orleans-LA-70130/73826737_zpid/,garden-district
"2523 Prytania St, New Orleans, LA 70130",https://www.zillow.com/homedetails/2523-Prytania-St-New-Orleans-LA-70130/73821525_zpid/,garden-district
"3314 Camp St #3314, New Orleans, LA 70115",https://www.zillow.com/homedetails/3314-Camp-St-3314-New-Orleans-LA-70115/2053202124_zpid/,garden-district
"1225 Washington Ave, New Orleans, LA 70130",https://www.zillow.com/homedetails/1225-Washington-Ave-New-Orleans-LA-70130/73820806_zpid/,garden-district
"1524 Harmony St, New Orleans, LA 70115",https://www.zillow.com/homedetails/1524-Harmony-St-New-Orleans-LA-70115/73826880_zpid/,garden-district
"1122 Jackson Ave, New Orleans, LA 70130",https://www.zillow.com/homedetails/1122-Jackson-Ave-New-Orleans-LA-70130/73821156_zpid/,garden-district
"8319 Green St, New Orleans, LA 70118",https://www.zillow.com/homedetails/8319-Green-St-New-Orleans-LA-70118/73849415_zpid/,leonidas
"8941 Willow St, New Orleans, LA 70118",https://www.zillow.com/homedetails/8941-Willow-St-New-Orleans-LA-70118/73849099_zpid/,leonidas
"8329 Hickory St, New Orleans, LA 70118",https://www.zillow.com/homedetails/8329-Hickory-St-New-Orleans-LA-70118/73846052_zpid/,leonidas
"8218 Green St, New Orleans, LA 70118",https://www.zillow.com/homedetails/8218-Green-St-New-Orleans-LA-70118/73844689_zpid/,leonidas
"1220 Dublin St, New Orleans, LA 70118",https://www.zillow.com/homedetails/1220-Dublin-St-New-Orleans-LA-70118/2065916168_zpid/,leonidas
"1314 Monroe St, New Orleans, LA 70118",https://www.zillow.com/homedetails/1314-Monroe-St-New-Orleans-LA-70118/84480920_zpid/,leonidas
"1515 Dublin St, New Orleans, LA 70118",https://www.zillow.com/homedetails/1515-Dublin-St-New-Orleans-LA-70118/149084976_zpid/,leonidas
"8332 Nelson St, New Orleans, LA 70118",https://www.zillow.com/homedetails/8332-Nelson-St-New-Orleans-LA-70118/84481855_zpid/,leonidas
"2113 Leonidas St, New Orleans, LA 70118",https://www.zillow.com/homedetails/2113-Leonidas-St-New-Orleans-LA-70118/73845466_zpid/,leonidas
"212 S Tonti St, New Orleans, LA 70119",https://www.zillow.com/homedetails/212-S-Tonti-St-New-Orleans-LA-70119/148963094_zpid/,tulane-gravier
"324 N Roman St, New Orleans, LA 70112",https://www.zillow.com/homedetails/324-N-Roman-St-New-Orleans-LA-70112/317339369_zpid/,tulane-gravier
"2235 Iberville St, New Orleans, LA 70119",https://www.zillow.com/homedetails/2235-Iberville-St-New-Orleans-LA-70119/2057774312_zpid/,tulane-gravier
"1908 Saint Louis St #1910, New Orleans, LA 70112",https://www.zillow.com/homedetails/1908-Saint-Louis-St-1910-New-Orleans-LA-70112/344757777_zpid/,tulane-gravier
"3008-10 N Conti St, New Orleans, LA 70119",https://www.zillow.com/homedetails/3008-10-N-Conti-St-New-Orleans-LA-70119/391798972_zpid/,tulane-gravier
"315 N Roman St, New Orleans, LA 70112",https://www.zillow.com/homedetails/315-N-Roman-St-New-Orleans-LA-70112/148962834_zpid/,tulane-gravier
"2636-38 Cleveland Ave, New Orleans, LA 70119",https://www.zillow.com/homedetails/2636-38-Cleveland-Ave-New-Orleans-LA-70119/2065985198_zpid/,tulane-gravier
"2209-11 Conti St, New Orleans, LA 70119",https://www.zillow.com/homedetails/2209-11-Conti-St-New-Orleans-LA-70119/2065973110_zpid/,tulane-gravier
"2542 Bienville St, New Orleans, LA 70119",https://www.zillow.com/homedetails/2542-Bienville-St-New-Orleans-LA-70119/148963196_zpid/,tulane-gravier
"2206 Saint Ann St, New Orleans, LA 70119",https://www.zillow.com/homedetails/2206-Saint-Ann-St-New-Orleans-LA-70119/73778297_zpid/,treme-lafitte
"1571-1573 N Dorgenois St, New Orleans, LA 70119",https://www.zillow.com/homedetails/1571-1573-N-Dorgenois-St-New-Orleans-LA-70119/400439787_zpid/,treme-lafitte
"1719-21 Governor Nicholls St, New Orleans, LA 70116",https://www.zillow.com/homedetails/1719-21-Governor-Nicholls-St-New-Orleans-LA-70116/2053347955_zpid/,treme-lafitte
"1923 Dumaine St, New Orleans, LA 70116",https://www.zillow.com/homedetails/1923-Dumaine-St-New-Orleans-LA-70116/148970968_zpid/,treme-lafitte
"1713-15 N Dorgenois St, New Orleans, LA 70119",https://www.zillow.com/homedetails/1713-15-N-Dorgenois-St-New-Orleans-LA-70119/2065978697_zpid/,treme-lafitte
"1723 Governor Nicholls St, New Orleans, LA 70116",https://www.zillow.com/homedetails/1723-Governor-Nicholls-St-New-Orleans-LA-70116/398828108_zpid/,treme-lafitte
"2218-20 Barracks St, New Orleans, LA 70119",https://www.zillow.com/homedetails/2218-20-Barracks-St-New-Orleans-LA-70119/402597468_zpid/,treme-lafitte
"2514 Ursulines Ave, New Orleans, LA 70119",https://www.zillow.com/homedetails/2514-Ursulines-Ave-New-Orleans-LA-70119/252074984_zpid/,treme-lafitte
"1915 Governor Nicholls St, New Orleans, LA 70116",https://www.zillow.com/homedetails/1915-Governor-Nicholls-St-New-Orleans-LA-70116/2065967362_zpid/,treme-lafitte
"1507 N Miro St, New Orleans, LA 70119",https://www.zillow.com/homedetails/1507-N-Miro-St-New-Orleans-LA-70119/73782281_zpid/,seventh-ward
"1659 N Galvez St, New Orleans, LA 70119",https://www.zillow.com/homedetails/1659-N-Galvez-St-New-Orleans-LA-70119/73782168_zpid/,seventh-ward
"1476 Marais St, New Orleans, LA 70116",https://www.zillow.com/homedetails/1476-Marais-St-New-Orleans-LA-70116/148977338_zpid/,seventh-ward
"2421-23 George Nick Connor Dr, New Orleans, LA 70119",https://www.zillow.com/homedetails/2421-23-George-Nick-Connor-Dr-New-Orleans-LA-70119/347226806_zpid/,seventh-ward
"1136 Saint Bernard Ave, New Orleans, LA 70116",https://www.zillow.com/homedetails/1136-Saint-Bernard-Ave-New-Orleans-LA-70116/148977255_zpid/,seventh-ward
"1917-19 N Derbigny St, New Orleans, LA 70116",https://www.zillow.com/homedetails/1917-19-N-Derbigny-St-New-Orleans-LA-70116/2056116757_zpid/,seventh-ward
"2326-28 Lapeyrouse St, New Orleans, LA 70119",https://www.zillow.com/homedetails/2326-28-Lapeyrouse-St-New-Orleans-LA-70119/351227140_zpid/,seventh-ward
"1338 Kerlerec St, New Orleans, LA 70116",https://www.zillow.com/homedetails/1338-Kerlerec-St-New-Orleans-LA-70116/73780944_zpid/,seventh-ward
"2322 Allen St, New Orleans, LA 70119",https://www.zillow.com/homedetails/2322-Allen-St-New-Orleans-LA-70119/2125050577_zpid/,seventh-ward
"735 Port St, New Orleans, LA 70117",https://www.zillow.com/homedetails/735-Port-St-New-Orleans-LA-70117/73796355_zpid/,marigny
"930 Port St, New Orleans, LA 70117",https://www.zillow.com/homedetails/930-Port-St-New-Orleans-LA-70117/149018053_zpid/,marigny
"1801-03 Frenchmen St, New Orleans, LA 70116",https://www.zillow.com/homedetails/1801-03-Frenchmen-St-New-Orleans-LA-70116/2065415325_zpid/,marigny
"2704 N Rampart St, New Orleans, LA 70117",https://www.zillow.com/homedetails/2704-N-Rampart-St-New-Orleans-LA-70117/126374206_zpid/,marigny
"2017-19 Marigny St, New Orleans, LA 70117",https://www.zillow.com/homedetails/2017-19-Marigny-St-New-Orleans-LA-70117/350862125_zpid/,marigny
"1429 Dauphine St, New Orleans, LA 70116",https://www.zillow.com/homedetails/1429-Dauphine-St-New-Orleans-LA-70116/2056111253_zpid/,marigny
"1416 Bourbon St Apt 1, New Orleans, LA 70116",https://www.zillow.com/homedetails/1416-Bourbon-St-APT-1-New-Orleans-LA-70116/148976746_zpid/,marigny
"938 Spain St, New Orleans, LA 70117",https://www.zillow.com/homedetails/938-Spain-St-New-Orleans-LA-70117/371149575_zpid/,marigny
"1427 Dauphine St #a, New Orleans, LA 70116",https://www.zillow.com/homedetails/1427-Dauphine-St-A-New-Orleans-LA-70116/110378428_zpid/,marigny
"2255 Urquhart St, New Orleans, LA 70117",https://www.zillow.com/homedetails/2255-Urquhart-St-New-Orleans-LA-70117/73789843_zpid/,st-roch
"3520 Pauger St, New Orleans, LA 70119",https://www.zillow.com/homedetails/3520-Pauger-St-New-Orleans-LA-70119/73784165_zpid/,st-roch
"1526 Mandeville St, New Orleans, LA 70117",https://www.zillow.com/homedetails/1526-Mandeville-St-New-Orleans-LA-70117/73795860_zpid/,st-roch
"2313 N Johnson St, New Orleans, LA 70117",https://www.zillow.com/homedetails/2313-N-Johnson-St-New-Orleans-LA-70117/148993248_zpid/,st-roch
"1701 Marigny St, New Orleans, LA 70117",https://www.zillow.com/homedetails/1701-Marigny-St-New-Orleans-LA-70117/73790567_zpid/,st-roch
"1409 Elysian Fields Ave, New Orleans, LA 70117",https://www.zillow.com/homedetails/1409-Elysian-Fields-Ave-New-Orleans-LA-70117/73790163_zpid/,st-roch
"2861 Law St, New Orleans, LA 70117",https://www.zillow.com/homedetails/2861-Law-St-New-Orleans-LA-70117/73790720_zpid/,st-roch
"3705-07 N Galvez St, New Orleans, LA 70117",https://www.zillow.com/homedetails/3705-07-N-Galvez-St-New-Orleans-LA-70117/2065944008_zpid/,st-roch
"2245-2247 N Galvez St, New Orleans, LA 70117",https://www.zillow.com/homedetails/2245-2247-N-Galvez-St-New-Orleans-LA-70117/2057921924_zpid/,st-roch
"4025 Hamilton St, New Orleans, LA 70118",https://www.zillow.com/homedetails/4025-Hamilton-St-New-Orleans-LA-70118/84483026_zpid/,dixon
"3939 Hamilton St, New Orleans, LA 70118",https://www.zillow.com/homedetails/3939-Hamilton-St-New-Orleans-LA-70118/73846543_zpid/,dixon
"4115 Monroe St, New Orleans, LA 70118",https://www.zillow.com/homedetails/4115-Monroe-St-New-Orleans-LA-70118/73846604_zpid/,dixon
"4119 Hollygrove St, New Orleans, LA 70118",https://www.zillow.com/homedetails/4119-Hollygrove-St-New-Orleans-LA-70118/73849982_zpid/,dixon
"1 Garden Ln, New Orleans, LA 70124",https://www.zillow.com/homedetails/1-Garden-Ln-New-Orleans-LA-70124/149090809_zpid/,lakewood
"5637 Bellaire Dr, New Orleans, LA 70124",https://www.zillow.com/homedetails/5637-Bellaire-Dr-New-Orleans-LA-70124/73850533_zpid/,lakewood
"5667 Marcia Ave, New Orleans, LA 70124",https://www.zillow.com/homedetails/5667-Marcia-Ave-New-Orleans-LA-70124/73848959_zpid/,lakewood
"251 Bellaire Dr, New Orleans, LA 70124",https://www.zillow.com/homedetails/251-Bellaire-Dr-New-Orleans-LA-70124/73848992_zpid/,lakewood
"116 Oaktree Dr, New Orleans, LA 70124",https://www.zillow.com/homedetails/116-Oaktree-Dr-New-Orleans-LA-70124/247543765_zpid/,lakewood
"6501 Oakland Dr, New Orleans, LA 70118",https://www.zillow.com/homedetails/6501-Oakland-Dr-New-Orleans-LA-70118/73846597_zpid/,lakewood
"6561 Oakland Dr, New Orleans, LA 70118",https://www.zillow.com/homedetails/6561-Oakland-Dr-New-Orleans-LA-70118/73846253_zpid/,lakewood
"329 Country Club Dr, New Orleans, LA 70124",https://www.zillow.com/homedetails/329-Country-Club-Dr-New-Orleans-LA-70124/73848942_zpid/,lakewood
"422 Country Club Dr, New Orleans, LA 70124",https://www.zillow.com/homedetails/422-Country-Club-Dr-New-Orleans-LA-70124/73850562_zpid/,lakewood
"807-09 Hidalgo St, New Orleans, LA 70124",https://www.zillow.com/homedetails/807-09-Hidalgo-St-New-Orleans-LA-70124/2065963356_zpid/,navarre
"5481 Hawthorne Pl, New Orleans, LA 70124",https://www.zillow.com/homedetails/5481-Hawthorne-Pl-New-Orleans-LA-70124/73775340_zpid/,navarre
"716 Hidalgo St, New Orleans, LA 70124",https://www.zillow.com/homedetails/716-Hidalgo-St-New-Orleans-LA-70124/73776116_zpid/,navarre
"5670 Hawthorne Pl, New Orleans, LA 70124",https://www.zillow.com/homedetails/5670-Hawthorne-Pl-New-Orleans-LA-70124/73775317_zpid/,navarre
"5501 Woodlawn Pl, New Orleans, LA 70124",https://www.zillow.com/homedetails/5501-Woodlawn-Pl-New-Orleans-LA-70124/73781429_zpid/,navarre
"5654-56 Hawthorne Pl, New Orleans, LA 70124",https://www.zillow.com/homedetails/5654-56-Hawthorne-Pl-New-Orleans-LA-70124/347185442_zpid/,navarre
"5565 Woodlawn Pl, New Orleans, LA 70124",https://www.zillow.com/homedetails/5565-Woodlawn-Pl-New-Orleans-LA-70124/73774932_zpid/,navarre
"5643 Canal Blvd, New Orleans, LA 70124",https://www.zillow.com/homedetails/5643-Canal-Blvd-New-Orleans-LA-70124/73775740_zpid/,navarre
"5620-22 Rosemary Pl, New Orleans, LA 70124",https://www.zillow.com/homedetails/5620-22-Rosemary-Pl-New-Orleans-LA-70124/352322579_zpid/,navarre
"812 Solomon Pl, New Orleans, LA 70119",https://www.zillow.com/homedetails/812-Solomon-Pl-New-Orleans-LA-70119/73778440_zpid/,city-park
"1351 Moss St, New Orleans, LA 70119",https://www.zillow.com/homedetails/1351-Moss-St-New-Orleans-LA-70119/2089605428_zpid/,city-park
"4602 Saint Peter St, New Orleans, LA 70119",https://www.zillow.com/homedetails/4602-Saint-Peter-St-New-Orleans-LA-70119/73778705_zpid/,city-park
"928 City Park Ave, New Orleans, LA 70119",https://www.zillow.com/homedetails/928-City-Park-Ave-New-Orleans-LA-70119/2054495319_zpid/,city-park
"1034 N Carrollton Ave, New Orleans, LA 70119",https://www.zillow.com/homedetails/1034-N-Carrollton-Ave-New-Orleans-LA-70119/84446922_zpid/,city-park
"606 N Murat St, New Orleans, LA 70119",https://www.zillow.com/homedetails/606-N-Murat-St-New-Orleans-LA-70119/73784330_zpid/,city-park
"606-08 N Alexander St, New Orleans, LA 70119",https://www.zillow.com/homedetails/606-08-N-Alexander-St-New-Orleans-LA-70119/2065968489_zpid/,city-park
"1023 Harding Dr, New Orleans, LA 70119",https://www.zillow.com/homedetails/1023-Harding-Dr-New-Orleans-LA-70119/73785007_zpid/,city-park
"826 N Carrollton Ave, New Orleans, LA 70119",https://www.zillow.com/homedetails/826-N-Carrollton-Ave-New-Orleans-LA-70119/73785026_zpid/,city-park
"6441 Memphis St, New Orleans, LA 70124",https://www.zillow.com/homedetails/6441-Memphis-St-New-Orleans-LA-70124/73782980_zpid/,lakeview
"6838 Argonne Blvd, New Orleans, LA 70124",https://www.zillow.com/homedetails/6838-Argonne-Blvd-New-Orleans-LA-70124/73778173_zpid/,lakeview
"6770 Louis Xiv St, New Orleans, LA 70124",https://www.zillow.com/homedetails/6770-Louis-Xiv-St-New-Orleans-LA-70124/73783363_zpid/,lakeview
"5870 Canal Blvd, New Orleans, LA 70124",https://www.zillow.com/homedetails/5870-Canal-Blvd-New-Orleans-LA-70124/73775507_zpid/,lakeview
"6509 Marshal Foch St, New Orleans, LA 70124",https://www.zillow.com/homedetails/6509-Marshal-Foch-St-New-Orleans-LA-70124/73776823_zpid/,lakeview
"6062 Memphis St, New Orleans, LA 70124",https://www.zillow.com/homedetails/6062-Memphis-St-New-Orleans-LA-70124/73775038_zpid/,lakeview
"7121 Louisville St, New Orleans, LA 70124",https://www.zillow.com/homedetails/7121-Louisville-St-New-Orleans-LA-70124/73776287_zpid/,lakeview
"6437 Louis Xiv St, New Orleans, LA 70124",https://www.zillow.com/homedetails/6437-Louis-Xiv-St-New-Orleans-LA-70124/114007057_zpid/,lakeview
"5940 Vicksburg St, New Orleans, LA 70124",https://www.zillow.com/homedetails/5940-Vicksburg-St-New-Orleans-LA-70124/73781550_zpid/,lakeview
"6634 Pontchartrain Blvd, New Orleans, LA 70124",https://www.zillow.com/homedetails/6634-Pontchartrain-Blvd-New-Orleans-LA-70124/73847612_zpid/,west-end
"230 26th St, New Orleans, LA 70124",https://www.zillow.com/homedetails/230-26th-St-New-Orleans-LA-70124/73850324_zpid/,west-end
"324 S Roadway St #n-31, New Orleans, LA 70124",https://www.zillow.com/homedetails/324-S-Roadway-St-N-31-New-Orleans-LA-70124/347119468_zpid/,west-end
"6927 Bellaire Dr, New Orleans, LA 70124",https://www.zillow.com/homedetails/6927-Bellaire-Dr-New-Orleans-LA-70124/73848157_zpid/,west-end
"6214 Pontchartrain Blvd, New Orleans, LA 70124",https://www.zillow.com/homedetails/6214-Pontchartrain-Blvd-New-Orleans-LA-70124/73848103_zpid/,west-end
"135 14th St, New Orleans, LA 70124",https://www.zillow.com/homedetails/135-14th-St-New-Orleans-LA-70124/114013419_zpid/,west-end
"319 14th St, New Orleans, LA 70124",https://www.zillow.com/homedetails/319-14th-St-New-Orleans-LA-70124/73850490_zpid/,west-end
"6229 Bellaire Dr, New Orleans, LA 70124",https://www.zillow.com/homedetails/6229-Bellaire-Dr-New-Orleans-LA-70124/73848621_zpid/,west-end
"6000 Bellaire Dr, New Orleans, LA 70124",https://www.zillow.com/homedetails/6000-Bellaire-Dr-New-Orleans-LA-70124/73848507_zpid/,west-end
"3920 Paris Ave, New Orleans, LA 70122",https://www.zillow.com/homedetails/3920-Paris-Ave-New-Orleans-LA-70122/84451922_zpid/,st-bernard-area
"1328 Saint Denis St, New Orleans, LA 70122",https://www.zillow.com/homedetails/1328-Saint-Denis-St-New-Orleans-LA-70122/73784418_zpid/,st-bernard-area
"4135 Jumonville St, New Orleans, LA 70122",https://www.zillow.com/homedetails/4135-Jumonville-St-New-Orleans-LA-70122/73785080_zpid/,st-bernard-area
"4000 Davey St Apt 406, New Orleans, LA 70122",https://www.zillow.com/homedetails/4000-Davey-St-APT-406-New-Orleans-LA-70122/73784741_zpid/,st-bernard-area
"4000 Davey St Apt 101, New Orleans, LA 70122",https://www.zillow.com/homedetails/4000-Davey-St-APT-101-New-Orleans-LA-70122/73785064_zpid/,st-bernard-area
"4121 Gibson St, New Orleans, LA 70122",https://www.zillow.com/homedetails/4121-Gibson-St-New-Orleans-LA-70122/73784758_zpid/,st-bernard-area
"1320 Sere St, New Orleans, LA 70122",https://www.zillow.com/homedetails/1320-Sere-St-New-Orleans-LA-70122/148984438_zpid/,st-bernard-area
"3923-25 Cadillac St, New Orleans, LA 70122",https://www.zillow.com/homedetails/3923-25-Cadillac-St-New-Orleans-LA-70122/2069127579_zpid/,st-bernard-area
"3832 Paris Ave, New Orleans, LA 70122",https://www.zillow.com/homedetails/3832-Paris-Ave-New-Orleans-LA-70122/84451869_zpid/,st-bernard-area
"2400 Gentilly Blvd, New Orleans, LA 70122",https://www.zillow.com/homedetails/2400-Gentilly-Blvd-New-Orleans-LA-70122/148984308_zpid/,dillard
"3036-38 Allen St, New Orleans, LA 70122",https://www.zillow.com/homedetails/3036-38-Allen-St-New-Orleans-LA-70122/347292205_zpid/,dillard
"216 Warrington Dr, New Orleans, LA 70122",https://www.zillow.com/homedetails/216-Warrington-Dr-New-Orleans-LA-70122/73789988_zpid/,dillard
"4330 Frenchmen St, New Orleans, LA 70122",https://www.zillow.com/homedetails/4330-Frenchmen-St-New-Orleans-LA-70122/124049683_zpid/,dillard
"3713 Paris Ave, New Orleans, LA 70122",https://www.zillow.com/homedetails/3713-Paris-Ave-New-Orleans-LA-70122/84451839_zpid/,dillard
"4214 Rayne Dr, New Orleans, LA 70122",https://www.zillow.com/homedetails/4214-Rayne-Dr-New-Orleans-LA-70122/148985431_zpid/,dillard
"4634 Touro St, New Orleans, LA 70122",https://www.zillow.com/homedetails/4634-Touro-St-New-Orleans-LA-70122/148986256_zpid/,dillard
"2076 Stephen Girard St, New Orleans, LA 70122",https://www.zillow.com/homedetails/2076-Stephen-Girard-St-New-Orleans-LA-70122/73792743_zpid/,dillard
"3910 Virgil Blvd, New Orleans, LA 70122",https://www.zillow.com/homedetails/3910-Virgil-Blvd-New-Orleans-LA-70122/73784553_zpid/,dillard
"5508 Saint Anthony Ave, New Orleans, LA 70122",https://www.zillow.com/homedetails/5508-Saint-Anthony-Ave-New-Orleans-LA-70122/148988207_zpid/,st-anthony
"6061 Cameron Blvd, New Orleans, LA 70122",https://www.zillow.com/homedetails/6061-Cameron-Blvd-New-Orleans-LA-70122/73790865_zpid/,st-anthony
"5771 Vermillion Blvd, New Orleans, LA 70122",https://www.zillow.com/homedetails/5771-Vermillion-Blvd-New-Orleans-LA-70122/73791494_zpid/,st-anthony
"5514 Warrington Dr, New Orleans, LA 70122",https://www.zillow.com/homedetails/5514-Warrington-Dr-New-Orleans-LA-70122/73786172_zpid/,st-anthony
"6000 Cameron Blvd, New Orleans, LA 70122",https://www.zillow.com/homedetails/6000-Cameron-Blvd-New-Orleans-LA-70122/84452493_zpid/,st-anthony
"5721 Vermillion Blvd, New Orleans, LA 70122",https://www.zillow.com/homedetails/5721-Vermillion-Blvd-New-Orleans-LA-70122/73786477_zpid/,st-anthony
"5124 Touro St, New Orleans, LA 70122",https://www.zillow.com/homedetails/5124-Touro-St-New-Orleans-LA-70122/73790004_zpid/,st-anthony
"5513 Wildair Dr, New Orleans, LA 70122",https://www.zillow.com/homedetails/5513-Wildair-Dr-New-Orleans-LA-70122/148988176_zpid/,st-anthony
"5519 Wingate Dr, New Orleans, LA 70122",https://www.zillow.com/homedetails/5519-Wingate-Dr-New-Orleans-LA-70122/73786206_zpid/,st-anthony
"2336 Lark St, New Orleans, LA 70122",https://www.zillow.com/homedetails/2336-Lark-St-New-Orleans-LA-70122/73794212_zpid/,lake-terrace-oaks
"1434 Frankfort St, New Orleans, LA 70122",https://www.zillow.com/homedetails/1434-Frankfort-St-New-Orleans-LA-70122/73787783_zpid/,lake-terrace-oaks
"6229 Caldwell Dr, New Orleans, LA 70122",https://www.zillow.com/homedetails/6229-Caldwell-Dr-New-Orleans-LA-70122/73789354_zpid/,lake-terrace-oaks
"6242 Pratt Dr, New Orleans, LA 70122",https://www.zillow.com/homedetails/6242-Pratt-Dr-New-Orleans-LA-70122/73793366_zpid/,lake-terrace-oaks
"6419 Caldwell Dr, New Orleans, LA 70122",https://www.zillow.com/homedetails/6419-Caldwell-Dr-New-Orleans-LA-70122/73788244_zpid/,lake-terrace-oaks
"1728 Oriole St, New Orleans, LA 70122",https://www.zillow.com/homedetails/1728-Oriole-St-New-Orleans-LA-70122/73794454_zpid/,lake-terrace-oaks
"6348 Pratt Dr, New Orleans, LA 70122",https://www.zillow.com/homedetails/6348-Pratt-Dr-New-Orleans-LA-70122/73789467_zpid/,lake-terrace-oaks
"1708 Oriole St, New Orleans, LA 70122",https://www.zillow.com/homedetails/1708-Oriole-St-New-Orleans-LA-70122/73788261_zpid/,lake-terrace-oaks
"1712 Lark St, New Orleans, LA 70122",https://www.zillow.com/homedetails/1712-Lark-St-New-Orleans-LA-70122/84453150_zpid/,lake-terrace-oaks
"2470 Prentiss Ave, New Orleans, LA 70122",https://www.zillow.com/homedetails/2470-Prentiss-Ave-New-Orleans-LA-70122/73793984_zpid/,milneburg
"5605 Painters St, New Orleans, LA 70122",https://www.zillow.com/homedetails/5605-Painters-St-New-Orleans-LA-70122/73793538_zpid/,milneburg
"6134 Music St, New Orleans, LA 70122",https://www.zillow.com/homedetails/6134-Music-St-New-Orleans-LA-70122/73794327_zpid/,milneburg
"5828 Baccich St, New Orleans, LA 70122",https://www.zillow.com/homedetails/5828-Baccich-St-New-Orleans-LA-70122/73793011_zpid/,milneburg
"6230-32 Eads St, New Orleans, LA 70122",https://www.zillow.com/homedetails/6230-32-Eads-St-New-Orleans-LA-70122/2078642792_zpid/,milneburg
"2424 Pressburg St, New Orleans, LA 70122",https://www.zillow.com/homedetails/2424-Pressburg-St-New-Orleans-LA-70122/84456396_zpid/,milneburg
"2656 Pressburg St, New Orleans, LA 70122",https://www.zillow.com/homedetails/2656-Pressburg-St-New-Orleans-LA-70122/148998733_zpid/,milneburg
"6212 Marigny St, New Orleans, LA 70122",https://www.zillow.com/homedetails/6212-Marigny-St-New-Orleans-LA-70122/73792951_zpid/,milneburg
"2624 Allen Toussaint Blvd, New Orleans, LA 70122",https://www.zillow.com/homedetails/2624-Allen-Toussaint-Blvd-New-Orleans-LA-70122/401754262_zpid/,milneburg
"6227 Providence Pl, New Orleans, LA 70126",https://www.zillow.com/homedetails/6227-Providence-Pl-New-Orleans-LA-70126/84459131_zpid/,pontchartrain-park
"5958 Vienna Ct, New Orleans, LA 70126",https://www.zillow.com/homedetails/5958-Vienna-Ct-New-Orleans-LA-70126/73799267_zpid/,pontchartrain-park
"5001 Prentiss Ave, New Orleans, LA 70126",https://www.zillow.com/homedetails/5001-Prentiss-Ave-New-Orleans-LA-70126/84458527_zpid/,pontchartrain-park
"4624 Mendez St, New Orleans, LA 70126",https://www.zillow.com/homedetails/4624-Mendez-St-New-Orleans-LA-70126/73798690_zpid/,pontchartrain-park
"5444 Debore Dr, New Orleans, LA 70126",https://www.zillow.com/homedetails/5444-Debore-Dr-New-Orleans-LA-70126/73798252_zpid/,pontchartrain-park
"5501 Press Dr, New Orleans, LA 70126",https://www.zillow.com/homedetails/5501-Press-Dr-New-Orleans-LA-70126/73799098_zpid/,pontchartrain-park
"6118 Campus Blvd, New Orleans, LA 70126",https://www.zillow.com/homedetails/6118-Campus-Blvd-New-Orleans-LA-70126/73799269_zpid/,pontchartrain-park
"6248 Providence Pl, New Orleans, LA 70126",https://www.zillow.com/homedetails/6248-Providence-Pl-New-Orleans-LA-70126/73804861_zpid/,pontchartrain-park
"6730 Pauline Dr, New Orleans, LA 70126",https://www.zillow.com/homedetails/6730-Pauline-Dr-New-Orleans-LA-70126/2057097280_zpid/,pontchartrain-park
"4614 Stephen Girard Ave, New Orleans, LA 70126",https://www.zillow.com/homedetails/4614-Stephen-Girard-Ave-New-Orleans-LA-70126/73813501_zpid/,gentilly-woods
"4501 Desire Dr, New Orleans, LA 70126",https://www.zillow.com/homedetails/4501-Desire-Dr-New-Orleans-LA-70126/73814183_zpid/,gentilly-woods
"4742 Louisa Dr, New Orleans, LA 70126",https://www.zillow.com/homedetails/4742-Louisa-Dr-New-Orleans-LA-70126/73812464_zpid/,gentilly-woods
"4801 Gallier Dr, New Orleans, LA 70126",https://www.zillow.com/homedetails/4801-Gallier-Dr-New-Orleans-LA-70126/73819424_zpid/,gentilly-woods
"5034 Dreux Ave, New Orleans, LA 70126",https://www.zillow.com/homedetails/5034-Dreux-Ave-New-Orleans-LA-70126/149034368_zpid/,gentilly-woods
"5128 Cunningham Ct, New Orleans, LA 70126",https://www.zillow.com/homedetails/5128-Cunningham-Ct-New-Orleans-LA-70126/84466778_zpid/,gentilly-woods
"4516 Louisa Dr, New Orleans, LA 70126",https://www.zillow.com/homedetails/4516-Louisa-Dr-New-Orleans-LA-70126/149033483_zpid/,gentilly-woods
"4816 Gallier Dr, New Orleans, LA 70126",https://www.zillow.com/homedetails/4816-Gallier-Dr-New-Orleans-LA-70126/73819457_zpid/,gentilly-woods
"4625 Saint Ferdinand Dr, New Orleans, LA 70126",https://www.zillow.com/homedetails/4625-Saint-Ferdinand-Dr-New-Orleans-LA-70126/73813031_zpid/,gentilly-woods
"4423 Venus St, New Orleans, LA 70122",https://www.zillow.com/homedetails/4423-Venus-St-New-Orleans-LA-70122/73792859_zpid/,gentilly-terrace
"2555 Verbena St, New Orleans, LA 70122",https://www.zillow.com/homedetails/2555-Verbena-St-New-Orleans-LA-70122/84455648_zpid/,gentilly-terrace
"2666 Acacia St, New Orleans, LA 70122",https://www.zillow.com/homedetails/2666-Acacia-St-New-Orleans-LA-70122/148995271_zpid/,gentilly-terrace
"4773 Painters St, New Orleans, LA 70122",https://www.zillow.com/homedetails/4773-Painters-St-New-Orleans-LA-70122/84456535_zpid/,gentilly-terrace
"2200 Carnot St, New Orleans, LA 70122",https://www.zillow.com/homedetails/2200-Carnot-St-New-Orleans-LA-70122/148997367_zpid/,gentilly-terrace
"4770 Spain St, New Orleans, LA 70122",https://www.zillow.com/homedetails/4770-Spain-St-New-Orleans-LA-70122/84456505_zpid/,gentilly-terrace
"2424 Lavender St, New Orleans, LA 70122",https://www.zillow.com/homedetails/2424-Lavender-St-New-Orleans-LA-70122/84455456_zpid/,gentilly-terrace
"4757 Music St, New Orleans, LA 70122",https://www.zillow.com/homedetails/4757-Music-St-New-Orleans-LA-70122/73794258_zpid/,gentilly-terrace
"4920 Spain St, New Orleans, LA 70122",https://www.zillow.com/homedetails/4920-Spain-St-New-Orleans-LA-70122/84456659_zpid/,gentilly-terrace
"906 Louisa St, New Orleans, LA 70117",https://www.zillow.com/homedetails/906-Louisa-St-New-Orleans-LA-70117/73799070_zpid/,bywater
"3416 Saint Claude Ave #3416, New Orleans, LA 70117",https://www.zillow.com/homedetails/3416-Saint-Claude-Ave-3416-New-Orleans-LA-70117/2092682957_zpid/,bywater
"1432 Poland Ave, New Orleans, LA 70117",https://www.zillow.com/homedetails/1432-Poland-Ave-New-Orleans-LA-70117/73801723_zpid/,bywater
"4905-4907 Dauphine St, New Orleans, LA 70117",https://www.zillow.com/homedetails/4905-4907-Dauphine-St-New-Orleans-LA-70117/402485898_zpid/,bywater
"4213 Burgundy St, New Orleans, LA 70117",https://www.zillow.com/homedetails/4213-Burgundy-St-New-Orleans-LA-70117/73797312_zpid/,bywater
"3121 Burgundy St, New Orleans, LA 70117",https://www.zillow.com/homedetails/3121-Burgundy-St-New-Orleans-LA-70117/149018145_zpid/,bywater
"705-07 Alvar St, New Orleans, LA 70117",https://www.zillow.com/homedetails/705-07-Alvar-St-New-Orleans-LA-70117/2065970413_zpid/,bywater
"4716-18 Burgundy St, New Orleans, LA 70117",https://www.zillow.com/homedetails/4716-18-Burgundy-St-New-Orleans-LA-70117/348979028_zpid/,bywater
"3217 Chartres St, New Orleans, LA 70117",https://www.zillow.com/homedetails/3217-Chartres-St-New-Orleans-LA-70117/149016738_zpid/,bywater
"5721-23 Royal St, New Orleans, LA 70117",https://www.zillow.com/homedetails/5721-23-Royal-St-New-Orleans-LA-70117/2065977694_zpid/,holy-cross
"1026 Gordon St, New Orleans, LA 70117",https://www.zillow.com/homedetails/1026-Gordon-St-New-Orleans-LA-70117/84458581_zpid/,holy-cross
"5530 Dauphine St, New Orleans, LA 70117",https://www.zillow.com/homedetails/5530-Dauphine-St-New-Orleans-LA-70117/73797107_zpid/,holy-cross
"912 Lizardi St, New Orleans, LA 70117",https://www.zillow.com/homedetails/912-Lizardi-St-New-Orleans-LA-70117/149018492_zpid/,holy-cross
"615 Tricou St, New Orleans, LA 70117",https://www.zillow.com/homedetails/615-Tricou-St-New-Orleans-LA-70117/84457422_zpid/,holy-cross
"625 Flood St, New Orleans, LA 70117",https://www.zillow.com/homedetails/625-Flood-St-New-Orleans-LA-70117/73796674_zpid/,holy-cross
"930 Andry St, New Orleans, LA 70117",https://www.zillow.com/homedetails/930-Andry-St-New-Orleans-LA-70117/73797834_zpid/,holy-cross
"1423-25 Lamanche St, New Orleans, LA 70117",https://www.zillow.com/homedetails/1423-25-Lamanche-St-New-Orleans-LA-70117/2060510374_zpid/,holy-cross
"5330 Dauphine St, New Orleans, LA 70117",https://www.zillow.com/homedetails/5330-Dauphine-St-New-Orleans-LA-70117/114008795_zpid/,holy-cross
"4818 Stemway Dr, New Orleans, LA 70126",https://www.zillow.com/homedetails/4818-Stemway-Dr-New-Orleans-LA-70126/149033317_zpid/,pines-village
"7180 W Laverne St, New Orleans, LA 70126",https://www.zillow.com/homedetails/7180-W-Laverne-St-New-Orleans-LA-70126/73804818_zpid/,pines-village
"5913 Beechcraft St, New Orleans, LA 70126",https://www.zillow.com/homedetails/5913-Beechcraft-St-New-Orleans-LA-70126/73824188_zpid/,pines-village
"5913 Boeing St, New Orleans, LA 70126",https://www.zillow.com/homedetails/5913-Boeing-St-New-Orleans-LA-70126/73818723_zpid/,pines-village
"6651 Foch Rd, New Orleans, LA 70126",https://www.zillow.com/homedetails/6651-Foch-Rd-New-Orleans-LA-70126/73797398_zpid/,pines-village
"4434 Shalimar Dr, New Orleans, LA 70126",https://www.zillow.com/homedetails/4434-Shalimar-Dr-New-Orleans-LA-70126/149035493_zpid/,pines-village
"5946-48 Babylon St, New Orleans, LA 70126",https://www.zillow.com/homedetails/5946-48-Babylon-St-New-Orleans-LA-70126/349784734_zpid/,pines-village
"4430 Shalimar Dr, New Orleans, LA 70126",https://www.zillow.com/homedetails/4430-Shalimar-Dr-New-Orleans-LA-70126/73814135_zpid/,pines-village
"6018 Morrison Rd, New Orleans, LA 70126",https://www.zillow.com/homedetails/6018-Morrison-Rd-New-Orleans-LA-70126/73798501_zpid/,pines-village
"4741 Lafon Dr, New Orleans, LA 70126",https://www.zillow.com/homedetails/4741-Lafon-Dr-New-Orleans-LA-70126/73817616_zpid/,plum-orchard
"4640 Wilson Ave, New Orleans, LA 70126",https://www.zillow.com/homedetails/4640-Wilson-Ave-New-Orleans-LA-70126/73813262_zpid/,plum-orchard
"4554 Laine Ave, New Orleans, LA 70126",https://www.zillow.com/homedetails/4554-Laine-Ave-New-Orleans-LA-70126/73817826_zpid/,plum-orchard
"6501 Selma St, New Orleans, LA 70126",https://www.zillow.com/homedetails/6501-Selma-St-New-Orleans-LA-70126/149032384_zpid/,plum-orchard
"4220 Dale St, New Orleans, LA 70126",https://www.zillow.com/homedetails/4220-Dale-St-New-Orleans-LA-70126/149031362_zpid/,plum-orchard
"7209-11 Warfield St, New Orleans, LA 70126",https://www.zillow.com/homedetails/7209-11-Warfield-St-New-Orleans-LA-70126/342143849_zpid/,plum-orchard
"4800 Eastview Dr, New Orleans, LA 70126",https://www.zillow.com/homedetails/4800-Eastview-Dr-New-Orleans-LA-70126/73811768_zpid/,plum-orchard
"4632 Pecan St, New Orleans, LA 70126",https://www.zillow.com/homedetails/4632-Pecan-St-New-Orleans-LA-70126/73811990_zpid/,plum-orchard
"4521 America St, New Orleans, LA 70126",https://www.zillow.com/homedetails/4521-America-St-New-Orleans-LA-70126/73816807_zpid/,plum-orchard
"4819 Lurline St, New Orleans, LA 70127",https://www.zillow.com/homedetails/4819-Lurline-St-New-Orleans-LA-70127/73815375_zpid/,read-blvd-west
"4859 Bundy Rd, New Orleans, LA 70127",https://www.zillow.com/homedetails/4859-Bundy-Rd-New-Orleans-LA-70127/73815116_zpid/,read-blvd-west
"4682 Perrault Walk, New Orleans, LA 70127",https://www.zillow.com/homedetails/4682-Perrault-Walk-New-Orleans-LA-70127/73820163_zpid/,read-blvd-west
"4683 Lancelot Dr, New Orleans, LA 70127",https://www.zillow.com/homedetails/4683-Lancelot-Dr-New-Orleans-LA-70127/73818997_zpid/,read-blvd-west
"4700 Knight Dr, New Orleans, LA 70127",https://www.zillow.com/homedetails/4700-Knight-Dr-New-Orleans-LA-70127/73816299_zpid/,read-blvd-west
"4742 Bundy Rd, New Orleans, LA 70127",https://www.zillow.com/homedetails/4742-Bundy-Rd-New-Orleans-LA-70127/73815741_zpid/,read-blvd-west
"4635 Longfellow Dr, New Orleans, LA 70127",https://www.zillow.com/homedetails/4635-Longfellow-Dr-New-Orleans-LA-70127/73815109_zpid/,read-blvd-west
"4711 Knight Dr, New Orleans, LA 70127",https://www.zillow.com/homedetails/4711-Knight-Dr-New-Orleans-LA-70127/73816844_zpid/,read-blvd-west
"4515 Marque Dr, New Orleans, LA 70127",https://www.zillow.com/homedetails/4515-Marque-Dr-New-Orleans-LA-70127/84467401_zpid/,read-blvd-west
"170 E Greenbrier Dr, New Orleans, LA 70128",https://www.zillow.com/homedetails/170-E-Greenbrier-Dr-New-Orleans-LA-70128/73811946_zpid/,read-blvd-east
"11287 Winrock Dr, New Orleans, LA 70128",https://www.zillow.com/homedetails/11287-Winrock-Dr-New-Orleans-LA-70128/73810271_zpid/,read-blvd-east
"5276 Beaver Dr, New Orleans, LA 70128",https://www.zillow.com/homedetails/5276-Beaver-Dr-New-Orleans-LA-70128/73816515_zpid/,read-blvd-east
"11000 N Hardy St, New Orleans, LA 70127",https://www.zillow.com/homedetails/11000-N-Hardy-St-New-Orleans-LA-70127/73814456_zpid/,read-blvd-east
"5320 Bullard Ave, New Orleans, LA 70128",https://www.zillow.com/homedetails/5320-Bullard-Ave-New-Orleans-LA-70128/73810885_zpid/,read-blvd-east
"4711 Cardenas Dr, New Orleans, LA 70127",https://www.zillow.com/homedetails/4711-Cardenas-Dr-New-Orleans-LA-70127/73822043_zpid/,read-blvd-east
"5961 Wright Rd, New Orleans, LA 70128",https://www.zillow.com/homedetails/5961-Wright-Rd-New-Orleans-LA-70128/73810465_zpid/,read-blvd-east
"4951 Wright Rd, New Orleans, LA 70128",https://www.zillow.com/homedetails/4951-Wright-Rd-New-Orleans-LA-70128/73816835_zpid/,read-blvd-east
"10200 Pressburg St, New Orleans, LA 70127",https://www.zillow.com/homedetails/10200-Pressburg-St-New-Orleans-LA-70127/73814189_zpid/,read-blvd-east
"6526 Coveview Ct, New Orleans, LA 70126",https://www.zillow.com/homedetails/6526-Coveview-Ct-New-Orleans-LA-70126/73809650_zpid/,west-lake-forest
"7760 N Coronet Ct, New Orleans, LA 70126",https://www.zillow.com/homedetails/7760-N-Coronet-Ct-New-Orleans-LA-70126/149009672_zpid/,west-lake-forest
"5044 Westlake Dr, New Orleans, LA 70126",https://www.zillow.com/homedetails/5044-Westlake-Dr-New-Orleans-LA-70126/114009565_zpid/,west-lake-forest
"5531 Christian Ln, New Orleans, LA 70126",https://www.zillow.com/homedetails/5531-Christian-Ln-New-Orleans-LA-70126/73810924_zpid/,west-lake-forest
"7874 S Coronet Ct, New Orleans, LA 70126",https://www.zillow.com/homedetails/7874-S-Coronet-Ct-New-Orleans-LA-70126/149009725_zpid/,west-lake-forest
"6540 Coveview Ct, New Orleans, LA 70126",https://www.zillow.com/homedetails/6540-Coveview-Ct-New-Orleans-LA-70126/73815444_zpid/,west-lake-forest
"5531 Rickert Dr, New Orleans, LA 70126",https://www.zillow.com/homedetails/5531-Rickert-Dr-New-Orleans-LA-70126/73808527_zpid/,west-lake-forest
"5530 Samovar Dr, New Orleans, LA 70126",https://www.zillow.com/homedetails/5530-Samovar-Dr-New-Orleans-LA-70126/73808521_zpid/,west-lake-forest
"7710-60 N Coronet Ct, New Orleans, LA 70126",https://www.zillow.com/homedetails/7710-60-N-Coronet-Ct-New-Orleans-LA-70126/2053207591_zpid/,west-lake-forest
"7613 Mercier St, New Orleans, LA 70128",https://www.zillow.com/homedetails/7613-Mercier-St-New-Orleans-LA-70128/73796294_zpid/,little-woods
"7208 W Tamaron Blvd, New Orleans, LA 70128",https://www.zillow.com/homedetails/7208-W-Tamaron-Blvd-New-Orleans-LA-70128/73809266_zpid/,little-woods
"1102 Chimney Wood Ln, New Orleans, LA 70126",https://www.zillow.com/homedetails/1102-Chimney-Wood-Ln-New-Orleans-LA-70126/73805810_zpid/,little-woods
"7857 Sand St, New Orleans, LA 70128",https://www.zillow.com/homedetails/7857-Sand-St-New-Orleans-LA-70128/149013421_zpid/,little-woods
"7073 Boston Dr, New Orleans, LA 70127",https://www.zillow.com/homedetails/7073-Boston-Dr-New-Orleans-LA-70127/149007804_zpid/,little-woods
"7321 Wayside Dr, New Orleans, LA 70128",https://www.zillow.com/homedetails/7321-Wayside-Dr-New-Orleans-LA-70128/73807784_zpid/,little-woods
"8000 Morrison Rd, New Orleans, LA 70126",https://www.zillow.com/homedetails/8000-Morrison-Rd-New-Orleans-LA-70126/84460554_zpid/,little-woods
"7415 Weaver Ave, New Orleans, LA 70127",https://www.zillow.com/homedetails/7415-Weaver-Ave-New-Orleans-LA-70127/73799170_zpid/,little-woods
"7608 Dogwood Dr, New Orleans, LA 70126",https://www.zillow.com/homedetails/7608-Dogwood-Dr-New-Orleans-LA-70126/84459556_zpid/,little-woods
"2846-48 Grand Route Saint John St, New Orleans, LA 70119",https://www.zillow.com/homedetails/2846-48-Grand-Route-Saint-John-St-New-Orleans-LA-70119/402324790_zpid/,fairgrounds
"2218-20 N Broad Ave, New Orleans, LA 70119",https://www.zillow.com/homedetails/2218-20-N-Broad-Ave-New-Orleans-LA-70119/2065971781_zpid/,fairgrounds
"1448 Verna St, New Orleans, LA 70119",https://www.zillow.com/homedetails/1448-Verna-St-New-Orleans-LA-70119/73784360_zpid/,fairgrounds
"3101 Belfort St, New Orleans, LA 70119",https://www.zillow.com/homedetails/3101-Belfort-St-New-Orleans-LA-70119/84450938_zpid/,fairgrounds
"3569 Desaix Blvd, New Orleans, LA 70119",https://www.zillow.com/homedetails/3569-Desaix-Blvd-New-Orleans-LA-70119/73783181_zpid/,fairgrounds
"1520 Leda St, New Orleans, LA 70119",https://www.zillow.com/homedetails/1520-Leda-St-New-Orleans-LA-70119/73784622_zpid/,fairgrounds
"3121 Trafalgar St, New Orleans, LA 70119",https://www.zillow.com/homedetails/3121-Trafalgar-St-New-Orleans-LA-70119/247554852_zpid/,fairgrounds
"3118 Castine St, New Orleans, LA 70119",https://www.zillow.com/homedetails/3118-Castine-St-New-Orleans-LA-70119/73788524_zpid/,fairgrounds
"2628 Castiglione St, New Orleans, LA 70119",https://www.zillow.com/homedetails/2628-Castiglione-St-New-Orleans-LA-70119/73781493_zpid/,fairgrounds
