neighborhood,url
u-s-naval-base,https://www.zillow.com/u-s-naval-base-new-orleans-la/
algiers-point,https://www.zillow.com/algiers-point-new-orleans-la/
whitney,https://www.zillow.com/whitney-new-orleans-la/
audubon,https://www.zillow.com/audubon-new-orleans-la/
old-aurora,https://www.zillow.com/old-aurora-new-orleans-la/
b-w-cooper,https://www.zillow.com/b-w-cooper-new-orleans-la/
bayou-st-john,https://www.zillow.com/bayou-st-john-new-orleans-la/
behrman,https://www.zillow.com/behrman-new-orleans-la/
black-pearl,https://www.zillow.com/black-pearl-new-orleans-la/
broadmoor,https://www.zillow.com/broadmoor-new-orleans-la/
marlyville-fontainebleau,https://www.zillow.com/marlyville-fontainebleau-new-orleans-la/
gert-town,https://www.zillow.com/gert-town-new-orleans-la/
mid-city,https://www.zillow.com/mid-city-new-orleans-la/
st-claude,https://www.zillow.com/st-claude-new-orleans-la/
central-business-district,https://www.zillow.com/central-business-district-new-orleans-la/
french-quarter,https://www.zillow.com/french-quarter-new-orleans-la/
central-city,https://www.zillow.com/central-city-new-orleans-la/
lake-catherine,https://www.zillow.com/lake-catherine-new-orleans-la/
village-de-lest,https://www.zillow.com/village-de-lest-new-orleans-la/
viavant-venetian-isles,https://www.zillow.com/viavant-venetian-isles-new-orleans-la/
new-aurora-english-turn,https://www.zillow.com/new-aurora-english-turn-new-orleans-la/
tall-timbers-brechtel,https://www.zillow.com/tall-timbers-brechtel-new-orleans-la/
fischer-dev,https://www.zillow.com/fischer-dev-new-orleans-la/
mcdonogh,https://www.zillow.com/mcdonogh-new-orleans-la/
lower-garden-district,https://www.zillow.com/lower-garden-district-new-orleans-la/
st-thomas-dev,https://www.zillow.com/st-thomas-dev-new-orleans-la/
east-riverside,https://www.zillow.com/east-riverside-new-orleans-la/
irish-channel,https://www.zillow.com/irish-channel-new-orleans-la/
touro,https://www.zillow.com/touro-new-orleans-la/
milan,https://www.zillow.com/milan-new-orleans-la/
uptown,https://www.zillow.com/uptown-new-orleans-la/
west-riverside,https://www.zillow.com/west-riverside-new-orleans-la/
east-carrollton,https://www.zillow.com/east-carrollton-new-orleans-la/
freret,https://www.zillow.com/freret-new-orleans-la/
garden-district,https://www.zillow.com/garden-district-new-orleans-la/
leonidas,https://www.zillow.com/leonidas-new-orleans-la/
hollygrove,https://www.zillow.com/hollygrove-new-orleans-la/
tulane-gravier,https://www.zillow.com/tulane-gravier-new-orleans-la/
treme-lafitte,https://www.zillow.com/treme-lafitte-new-orleans-la/
seventh-ward,https://www.zillow.com/seventh-ward-new-orleans-la/
marigny,https://www.zillow.com/marigny-new-orleans-la/
st-roch,https://www.zillow.com/st-roch-new-orleans-la/
dixon,https://www.zillow.com/dixon-new-orleans-la/
lakewood,https://www.zillow.com/lakewood-new-orleans-la/
navarre,https://www.zillow.com/navarre-new-orleans-la/
city-park,https://www.zillow.com/city-park-new-orleans-la/
lakeview,https://www.zillow.com/lakeview-new-orleans-la/
west-end,https://www.zillow.com/west-end-new-orleans-la/
lakeshore-lake-vista,https://www.zillow.com/lakeshore-lake-vista-new-orleans-la/
filmore,https://www.zillow.com/filmore-new-orleans-la/
st-bernard-area,https://www.zillow.com/st-bernard-area-new-orleans-la/
dillard,https://www.zillow.com/dillard-new-orleans-la/
st-anthony,https://www.zillow.com/st-anthony-new-orleans-la/
lake-terrace-oaks,https://www.zillow.com/lake-terrace-oaks-new-orleans-la/
milneburg,https://www.zillow.com/milneburg-new-orleans-la/
pontchartrain-park,https://www.zillow.com/pontchartrain-park-new-orleans-la/
gentilly-woods,https://www.zillow.com/gentilly-woods-new-orleans-la/
gentilly-terrace,https://www.zillow.com/gentilly-terrace-new-orleans-la/
desire-area,https://www.zillow.com/desire-area-new-orleans-la/
florida-area,https://www.zillow.com/florida-area-new-orleans-la/
florida-dev,https://www.zillow.com/florida-dev-new-orleans-la/
lower-ninth-ward,https://www.zillow.com/lower-ninth-ward-new-orleans-la/
bywater,https://www.zillow.com/bywater-new-orleans-la/
holy-cross,https://www.zillow.com/holy-cross-new-orleans-la/
pines-village,https://www.zillow.com/pines-village-new-orleans-la/
plum-orchard,https://www.zillow.com/plum-orchard-new-orleans-la/
read-blvd-west,https://www.zillow.com/read-blvd-west-new-orleans-la/
read-blvd-east,https://www.zillow.com/read-blvd-east-new-orleans-la/
west-lake-forest,https://www.zillow.com/west-lake-forest-new-orleans-la/
little-woods,https://www.zillow.com/little-woods-new-orleans-la/
fairgrounds,https://www.zillow.com/fairgrounds-new-orleans-la/
iberville,https://www.zillow.com/iberville-new-orleans-la/
